experiment,dataset,instance,cities,algorithm,seed,distance,seconds,status,reference,gap_reference,vs_greedy
E5,Kaggle tsp_dataset,#0,55,Greedy,,712.6280378589906,0.0005203000036999583,ok,,,0.0
E5,Kaggle tsp_dataset,#1,37,Greedy,,534.324867585332,0.00020080001559108496,ok,,,0.0
E5,Kaggle tsp_dataset,#2,98,Greedy,,884.2878114918544,0.0017695999704301357,ok,,,0.0
E5,Kaggle tsp_dataset,#3,83,Greedy,,790.9719274809105,0.001319900038652122,ok,,,0.0
E5,Kaggle tsp_dataset,#4,92,Greedy,,967.6172558697898,0.0017441000090911984,ok,,,0.0
E5,Kaggle tsp_dataset,#5,42,Greedy,,674.3975366899956,0.0002842000685632229,ok,,,0.0
E5,Kaggle tsp_dataset,#6,43,Greedy,,763.4373330499182,0.000304899993352592,ok,,,0.0
E5,Kaggle tsp_dataset,#7,65,Greedy,,824.0497705759269,0.0007541000377386808,ok,,,0.0
E5,Kaggle tsp_dataset,#8,73,Greedy,,826.9067830962557,0.0009003999875858426,ok,,,0.0
E5,Kaggle tsp_dataset,#9,44,Greedy,,556.0391466053461,0.00029710005037486553,ok,,,0.0
E5,Kaggle tsp_dataset,#10,36,Greedy,,679.3609014307618,0.00021119997836649418,ok,,,0.0
E5,Kaggle tsp_dataset,#11,31,Greedy,,542.1302499861362,0.00014190003275871277,ok,,,0.0
E5,Kaggle tsp_dataset,#12,94,Greedy,,904.9649327394262,0.0016913999570533633,ok,,,0.0
E5,Kaggle tsp_dataset,#13,92,Greedy,,880.7401609936752,0.001585800084285438,ok,,,0.0
E5,Kaggle tsp_dataset,#14,63,Greedy,,696.208056898714,0.0005891999462619424,ok,,,0.0
E5,Kaggle tsp_dataset,#15,66,Greedy,,767.0874735984098,0.0006691999733448029,ok,,,0.0
E5,Kaggle tsp_dataset,#16,58,Greedy,,766.4535801043862,0.0005403000395745039,ok,,,0.0
E5,Kaggle tsp_dataset,#17,34,Greedy,,668.9542159884734,0.00018770003225654364,ok,,,0.0
E5,Kaggle tsp_dataset,#18,82,Greedy,,940.8732822770013,0.0011662000324577093,ok,,,0.0
E5,Kaggle tsp_dataset,#19,71,Greedy,,752.4755084928032,0.0009434999665245414,ok,,,0.0
E5,Kaggle tsp_dataset,#20,20,Greedy,,578.313410950908,9.369989857077599e-05,ok,,,0.0
E5,Kaggle tsp_dataset,#21,82,Greedy,,803.5667113977122,0.0012510999804362655,ok,,,0.0
E5,Kaggle tsp_dataset,#22,41,Greedy,,562.00866848675,0.0003133000573143363,ok,,,0.0
E5,Kaggle tsp_dataset,#23,79,Greedy,,890.6533649474994,0.001172599964775145,ok,,,0.0
E5,Kaggle tsp_dataset,#24,52,Greedy,,593.8860456599468,0.0004086000844836235,ok,,,0.0
E5,Kaggle tsp_dataset,#25,87,Greedy,,830.3747074594069,0.0013239000691100955,ok,,,0.0
E5,Kaggle tsp_dataset,#26,73,Greedy,,790.3508429345893,0.0008554999949410558,ok,,,0.0
E5,Kaggle tsp_dataset,#27,41,Greedy,,574.0859726495576,0.0003347999881953001,ok,,,0.0
E5,Kaggle tsp_dataset,#28,32,Greedy,,525.862227338805,0.0001574999187141657,ok,,,0.0
E5,Kaggle tsp_dataset,#29,28,Greedy,,475.47473812377973,0.00017060001846402884,ok,,,0.0
E5,Kaggle tsp_dataset,#30,55,Greedy,,633.1446785284122,0.00048040004912763834,ok,,,0.0
E5,Kaggle tsp_dataset,#31,97,Greedy,,924.196298433644,0.0017835000762715936,ok,,,0.0
E5,Kaggle tsp_dataset,#32,45,Greedy,,698.6670288873643,0.0003295999485999346,ok,,,0.0
E5,Kaggle tsp_dataset,#33,79,Greedy,,890.4572122027571,0.0012237000046297908,ok,,,0.0
E5,Kaggle tsp_dataset,#34,76,Greedy,,773.5966817215966,0.0009240000508725643,ok,,,0.0
E5,Kaggle tsp_dataset,#35,42,Greedy,,629.61893337337,0.0002785999095067382,ok,,,0.0
E5,Kaggle tsp_dataset,#36,41,Greedy,,630.745395527569,0.0002674000570550561,ok,,,0.0
E5,Kaggle tsp_dataset,#37,28,Greedy,,512.4040369305208,0.0001265000319108367,ok,,,0.0
E5,Kaggle tsp_dataset,#38,86,Greedy,,828.131245930538,0.0013290999922901392,ok,,,0.0
E5,Kaggle tsp_dataset,#39,79,Greedy,,775.6477124777279,0.0010186999570578337,ok,,,0.0
E5,Kaggle tsp_dataset,#40,45,Greedy,,596.862195181918,0.0003155999584123492,ok,,,0.0
E5,Kaggle tsp_dataset,#41,56,Greedy,,660.6819196912102,0.0004931000294163823,ok,,,0.0
E5,Kaggle tsp_dataset,#42,62,Greedy,,732.307896651207,0.0006558999884873629,ok,,,0.0
E5,Kaggle tsp_dataset,#43,89,Greedy,,834.6951182403781,0.0015208999393507838,ok,,,0.0
E5,Kaggle tsp_dataset,#44,20,Greedy,,367.36538941529477,7.299997378140688e-05,ok,,,0.0
E5,Kaggle tsp_dataset,#45,34,Greedy,,549.6937471916439,0.00018119998276233673,ok,,,0.0
E5,Kaggle tsp_dataset,#46,59,Greedy,,717.8749038812883,0.0005354000022634864,ok,,,0.0
E5,Kaggle tsp_dataset,#47,56,Greedy,,684.6250938837826,0.0004923999076709151,ok,,,0.0
E5,Kaggle tsp_dataset,#48,27,Greedy,,543.4897118322598,0.00012069998774677515,ok,,,0.0
E5,Kaggle tsp_dataset,#49,99,Greedy,,944.3426227009155,0.0018711000448092818,ok,,,0.0
E5,Kaggle tsp_dataset,#50,42,Greedy,,565.4453335766832,0.00028579996433109045,ok,,,0.0
E5,Kaggle tsp_dataset,#51,61,Greedy,,748.6930838845345,0.0006138000171631575,ok,,,0.0
E5,Kaggle tsp_dataset,#52,88,Greedy,,848.1061764167822,0.001296199974603951,ok,,,0.0
E5,Kaggle tsp_dataset,#53,51,Greedy,,647.3606786533004,0.0004021999193355441,ok,,,0.0
E5,Kaggle tsp_dataset,#54,21,Greedy,,537.2811949295342,8.190004155039787e-05,ok,,,0.0
E5,Kaggle tsp_dataset,#55,34,Greedy,,518.310094055384,0.00017660006415098906,ok,,,0.0
E5,Kaggle tsp_dataset,#56,100,Greedy,,1000.7673918698436,0.0018912999657914042,ok,,,0.0
E5,Kaggle tsp_dataset,#57,73,Greedy,,803.0079482377259,0.0008718000026419759,ok,,,0.0
E5,Kaggle tsp_dataset,#58,69,Greedy,,734.2325815173781,0.0007805000059306622,ok,,,0.0
E5,Kaggle tsp_dataset,#59,56,Greedy,,707.2463872117044,0.00048369995784014463,ok,,,0.0
E5,Kaggle tsp_dataset,#60,92,Greedy,,856.7685687803092,0.0015281999949365854,ok,,,0.0
E5,Kaggle tsp_dataset,#61,61,Greedy,,761.0017127512162,0.0005804999964311719,ok,,,0.0
E5,Kaggle tsp_dataset,#62,57,Greedy,,690.3155666636087,0.000512199942022562,ok,,,0.0
E5,Kaggle tsp_dataset,#63,92,Greedy,,937.3401730282461,0.0016180999809876084,ok,,,0.0
E5,Kaggle tsp_dataset,#64,76,Greedy,,823.7697370943575,0.0011310999980196357,ok,,,0.0
E5,Kaggle tsp_dataset,#65,70,Greedy,,811.7033148578288,0.0007825000211596489,ok,,,0.0
E5,Kaggle tsp_dataset,#66,38,Greedy,,607.12684632964,0.00022960000205785036,ok,,,0.0
E5,Kaggle tsp_dataset,#67,80,Greedy,,831.6905621937071,0.0010442999191582203,ok,,,0.0
E5,Kaggle tsp_dataset,#68,59,Greedy,,711.6584152729883,0.0005213000113144517,ok,,,0.0
E5,Kaggle tsp_dataset,#69,30,Greedy,,567.4854595344173,0.00014780007768422365,ok,,,0.0
E5,Kaggle tsp_dataset,#70,95,Greedy,,845.0092181041808,0.0016231000190600753,ok,,,0.0
E5,Kaggle tsp_dataset,#71,75,Greedy,,745.3844508690925,0.0008708999957889318,ok,,,0.0
E5,Kaggle tsp_dataset,#72,22,Greedy,,398.0470676980759,8.340005297213793e-05,ok,,,0.0
E5,Kaggle tsp_dataset,#73,97,Greedy,,822.5618150949026,0.0016907000681385398,ok,,,0.0
E5,Kaggle tsp_dataset,#74,65,Greedy,,766.7804336564819,0.0006900000153109431,ok,,,0.0
E5,Kaggle tsp_dataset,#75,63,Greedy,,681.6763942414931,0.0005964000010862947,ok,,,0.0
E5,Kaggle tsp_dataset,#76,92,Greedy,,900.6239211353617,0.0016119000501930714,ok,,,0.0
E5,Kaggle tsp_dataset,#77,82,Greedy,,785.0132202259676,0.0011298999888822436,ok,,,0.0
E5,Kaggle tsp_dataset,#78,48,Greedy,,693.6811977035625,0.00038760004099458456,ok,,,0.0
E5,Kaggle tsp_dataset,#79,66,Greedy,,830.06899336955,0.0007152999751269817,ok,,,0.0
E5,Kaggle tsp_dataset,#80,37,Greedy,,553.7845048959292,0.0003613999579101801,ok,,,0.0
E5,Kaggle tsp_dataset,#81,61,Greedy,,719.4511295874687,0.0005989000201225281,ok,,,0.0
E5,Kaggle tsp_dataset,#82,26,Greedy,,514.436644560911,0.00011279992759227753,ok,,,0.0
E5,Kaggle tsp_dataset,#83,46,Greedy,,654.2504775024173,0.0003258999204263091,ok,,,0.0
E5,Kaggle tsp_dataset,#84,76,Greedy,,806.9851769285458,0.0008955000666901469,ok,,,0.0
E5,Kaggle tsp_dataset,#85,48,Greedy,,655.1528318694238,0.00036259996704757214,ok,,,0.0
E5,Kaggle tsp_dataset,#86,85,Greedy,,949.580718357571,0.0013906999956816435,ok,,,0.0
E5,Kaggle tsp_dataset,#87,94,Greedy,,870.1674597876645,0.001661500078625977,ok,,,0.0
E5,Kaggle tsp_dataset,#88,90,Greedy,,899.473502736872,0.0021299999207258224,ok,,,0.0
E5,Kaggle tsp_dataset,#89,68,Greedy,,795.9768934284915,0.0007718000560998917,ok,,,0.0
E5,Kaggle tsp_dataset,#90,43,Greedy,,552.9182027812013,0.0002794000320136547,ok,,,0.0
E5,Kaggle tsp_dataset,#91,63,Greedy,,757.5647663116089,0.000591200077906251,ok,,,0.0
E5,Kaggle tsp_dataset,#92,82,Greedy,,852.118121796219,0.00106969999615103,ok,,,0.0
E5,Kaggle tsp_dataset,#93,55,Greedy,,687.9730546119195,0.0004694999661296606,ok,,,0.0
E5,Kaggle tsp_dataset,#94,90,Greedy,,883.6998732010555,0.0015443000011146069,ok,,,0.0
E5,Kaggle tsp_dataset,#95,89,Greedy,,937.5241816618374,0.0015391999622806907,ok,,,0.0
E5,Kaggle tsp_dataset,#96,100,Greedy,,957.0196774541059,0.0019302000291645527,ok,,,0.0
E5,Kaggle tsp_dataset,#97,58,Greedy,,623.8612747315254,0.0005263000493869185,ok,,,0.0
E5,Kaggle tsp_dataset,#98,72,Greedy,,692.1347051794094,0.0007837000302970409,ok,,,0.0
E5,Kaggle tsp_dataset,#99,28,Greedy,,531.585313281817,0.00013219995889812708,ok,,,0.0
E5,Kaggle tsp_dataset,#100,79,Greedy,,817.7502384008886,0.0010229001054540277,ok,,,0.0
E5,Kaggle tsp_dataset,#101,77,Greedy,,849.3318854226047,0.0009954000124707818,ok,,,0.0
E5,Kaggle tsp_dataset,#102,97,Greedy,,850.0082391004464,0.0020091000478714705,ok,,,0.0
E5,Kaggle tsp_dataset,#103,66,Greedy,,703.5245990596237,0.0008101999992504716,ok,,,0.0
E5,Kaggle tsp_dataset,#104,67,Greedy,,713.7577213627922,0.0007051000138744712,ok,,,0.0
E5,Kaggle tsp_dataset,#105,44,Greedy,,577.5434254444418,0.0002948999172076583,ok,,,0.0
E5,Kaggle tsp_dataset,#106,46,Greedy,,700.5500666652971,0.00033299997448921204,ok,,,0.0
E5,Kaggle tsp_dataset,#107,89,Greedy,,912.4664975595861,0.0013439999893307686,ok,,,0.0
E5,Kaggle tsp_dataset,#108,47,Greedy,,586.3987746976087,0.0003478999715298414,ok,,,0.0
E5,Kaggle tsp_dataset,#109,86,Greedy,,811.4186193045159,0.0011962999124079943,ok,,,0.0
E5,Kaggle tsp_dataset,#110,92,Greedy,,920.6806842917334,0.0017117999959737062,ok,,,0.0
E5,Kaggle tsp_dataset,#111,47,Greedy,,647.4875212443673,0.000345999957062304,ok,,,0.0
E5,Kaggle tsp_dataset,#112,53,Greedy,,719.944252484307,0.000421999953687191,ok,,,0.0
E5,Kaggle tsp_dataset,#113,33,Greedy,,544.8054318349584,0.00017910008318722248,ok,,,0.0
E5,Kaggle tsp_dataset,#114,86,Greedy,,833.0220582625989,0.0011871999595314264,ok,,,0.0
E5,Kaggle tsp_dataset,#115,52,Greedy,,657.7832398924536,0.00044430000707507133,ok,,,0.0
E5,Kaggle tsp_dataset,#116,84,Greedy,,861.935207597764,0.0012038999702781439,ok,,,0.0
E5,Kaggle tsp_dataset,#117,31,Greedy,,552.0626601334418,0.00015540001913905144,ok,,,0.0
E5,Kaggle tsp_dataset,#118,56,Greedy,,662.9093445990604,0.0004950000438839197,ok,,,0.0
E5,Kaggle tsp_dataset,#119,22,Greedy,,421.7856302479779,8.490006439387798e-05,ok,,,0.0
E5,Kaggle tsp_dataset,#120,42,Greedy,,661.7302622841626,0.00027860002592206,ok,,,0.0
E5,Kaggle tsp_dataset,#121,78,Greedy,,752.725732154348,0.0010500999633222818,ok,,,0.0
E5,Kaggle tsp_dataset,#122,99,Greedy,,944.899114273703,0.0018340999959036708,ok,,,0.0
E5,Kaggle tsp_dataset,#123,38,Greedy,,574.0773273530289,0.00022639997769147158,ok,,,0.0
E5,Kaggle tsp_dataset,#124,70,Greedy,,817.4705179330683,0.0007901000790297985,ok,,,0.0
E5,Kaggle tsp_dataset,#125,84,Greedy,,860.6735862054591,0.0011990999337285757,ok,,,0.0
E5,Kaggle tsp_dataset,#126,21,Greedy,,475.03904403286305,8.160003926604986e-05,ok,,,0.0
E5,Kaggle tsp_dataset,#127,57,Greedy,,726.3482192568202,0.000510699930600822,ok,,,0.0
E5,Kaggle tsp_dataset,#128,32,Greedy,,495.2971269197768,0.00016069994308054447,ok,,,0.0
E5,Kaggle tsp_dataset,#129,75,Greedy,,745.96370516833,0.0009111999534070492,ok,,,0.0
E5,Kaggle tsp_dataset,#130,41,Greedy,,527.916948160482,0.0002744999947026372,ok,,,0.0
E5,Kaggle tsp_dataset,#131,55,Greedy,,685.6415862536418,0.0004979000659659505,ok,,,0.0
E5,Kaggle tsp_dataset,#132,50,Greedy,,658.2704728304724,0.00038510002195835114,ok,,,0.0
E5,Kaggle tsp_dataset,#133,52,Greedy,,619.2309147736054,0.0004325000336393714,ok,,,0.0
E5,Kaggle tsp_dataset,#134,28,Greedy,,477.22989154427984,0.00012910005170851946,ok,,,0.0
E5,Kaggle tsp_dataset,#135,42,Greedy,,693.0831979523743,0.0002874999772757292,ok,,,0.0
E5,Kaggle tsp_dataset,#136,40,Greedy,,622.9816037767686,0.00025889999233186245,ok,,,0.0
E5,Kaggle tsp_dataset,#137,55,Greedy,,598.944417679446,0.0005049000028520823,ok,,,0.0
E5,Kaggle tsp_dataset,#138,21,Greedy,,449.955881094971,7.990002632141113e-05,ok,,,0.0
E5,Kaggle tsp_dataset,#139,29,Greedy,,560.9226727550514,0.00014720007311552763,ok,,,0.0
E5,Kaggle tsp_dataset,#140,45,Greedy,,546.3891866584673,0.0003000999568030238,ok,,,0.0
E5,Kaggle tsp_dataset,#141,21,Greedy,,471.52666865905934,7.690000347793102e-05,ok,,,0.0
E5,Kaggle tsp_dataset,#142,87,Greedy,,917.4864345004984,0.0013807000359520316,ok,,,0.0
E5,Kaggle tsp_dataset,#143,82,Greedy,,837.2846105731245,0.0013453999999910593,ok,,,0.0
E5,Kaggle tsp_dataset,#144,52,Greedy,,698.8281664906558,0.0004330999217927456,ok,,,0.0
E5,Kaggle tsp_dataset,#145,43,Greedy,,641.8334796471339,0.000282099936157465,ok,,,0.0
E5,Kaggle tsp_dataset,#146,25,Greedy,,495.4054130230071,0.00010359997395426035,ok,,,0.0
E5,Kaggle tsp_dataset,#147,58,Greedy,,694.1119660749773,0.0004997999640181661,ok,,,0.0
E5,Kaggle tsp_dataset,#148,24,Greedy,,512.9000398709751,9.93999419733882e-05,ok,,,0.0
E5,Kaggle tsp_dataset,#149,33,Greedy,,572.5661476870456,0.00016330007929354906,ok,,,0.0
E5,Kaggle tsp_dataset,#150,99,Greedy,,1014.131261607108,0.0019082999788224697,ok,,,0.0
E5,Kaggle tsp_dataset,#151,28,Greedy,,559.0551495596864,0.00013429997488856316,ok,,,0.0
E5,Kaggle tsp_dataset,#152,81,Greedy,,858.819270515606,0.0011239000596106052,ok,,,0.0
E5,Kaggle tsp_dataset,#153,37,Greedy,,588.7708628921199,0.00021020008716732264,ok,,,0.0
E5,Kaggle tsp_dataset,#154,95,Greedy,,911.8766871170501,0.0018813000060617924,ok,,,0.0
E5,Kaggle tsp_dataset,#155,43,Greedy,,647.4844475588075,0.000300800078548491,ok,,,0.0
E5,Kaggle tsp_dataset,#156,23,Greedy,,417.5176073464447,8.589995559304953e-05,ok,,,0.0
E5,Kaggle tsp_dataset,#157,80,Greedy,,859.5238897129287,0.0010819000890478492,ok,,,0.0
E5,Kaggle tsp_dataset,#158,52,Greedy,,695.2788577254564,0.0004325999179854989,ok,,,0.0
E5,Kaggle tsp_dataset,#159,56,Greedy,,675.8683761342454,0.00048669998068362474,ok,,,0.0
E5,Kaggle tsp_dataset,#160,90,Greedy,,910.8246848110168,0.0015924000181257725,ok,,,0.0
E5,Kaggle tsp_dataset,#161,96,Greedy,,949.6044031106859,0.0017583000008016825,ok,,,0.0
E5,Kaggle tsp_dataset,#162,22,Greedy,,420.492392762373,8.089991752058268e-05,ok,,,0.0
E5,Kaggle tsp_dataset,#163,88,Greedy,,880.5386831450204,0.001355100073851645,ok,,,0.0
E5,Kaggle tsp_dataset,#164,22,Greedy,,465.3248927198167,8.549995254725218e-05,ok,,,0.0
E5,Kaggle tsp_dataset,#165,71,Greedy,,711.4880177300511,0.0007944999961182475,ok,,,0.0
E5,Kaggle tsp_dataset,#166,43,Greedy,,678.9198704910652,0.00030259997583925724,ok,,,0.0
E5,Kaggle tsp_dataset,#167,38,Greedy,,603.7543522552082,0.00023390003480017185,ok,,,0.0
E5,Kaggle tsp_dataset,#168,31,Greedy,,588.9858727563915,0.00015850004274398088,ok,,,0.0
E5,Kaggle tsp_dataset,#169,48,Greedy,,621.2235095419488,0.00034390005748718977,ok,,,0.0
E5,Kaggle tsp_dataset,#170,95,Greedy,,873.4041790885044,0.0016463000793009996,ok,,,0.0
E5,Kaggle tsp_dataset,#171,74,Greedy,,935.7891257386837,0.0009288000874221325,ok,,,0.0
E5,Kaggle tsp_dataset,#172,96,Greedy,,841.8765213131009,0.0016512000001966953,ok,,,0.0
E5,Kaggle tsp_dataset,#173,91,Greedy,,864.0271874133566,0.001572800101712346,ok,,,0.0
E5,Kaggle tsp_dataset,#174,88,Greedy,,942.0011895514994,0.0013211999321356416,ok,,,0.0
E5,Kaggle tsp_dataset,#175,36,Greedy,,611.4906749351057,0.00022719998378306627,ok,,,0.0
E5,Kaggle tsp_dataset,#176,63,Greedy,,728.8978654486958,0.0006121000042185187,ok,,,0.0
E5,Kaggle tsp_dataset,#177,61,Greedy,,703.2431477523941,0.0005862999241799116,ok,,,0.0
E5,Kaggle tsp_dataset,#178,98,Greedy,,899.467248458888,0.0017794000450521708,ok,,,0.0
E5,Kaggle tsp_dataset,#179,52,Greedy,,752.0160920198521,0.00043789995834231377,ok,,,0.0
E5,Kaggle tsp_dataset,#180,52,Greedy,,704.7919309152377,0.0004184000426903367,ok,,,0.0
E5,Kaggle tsp_dataset,#181,81,Greedy,,807.9128111473959,0.0010754999238997698,ok,,,0.0
E5,Kaggle tsp_dataset,#182,82,Greedy,,755.0868045770569,0.001053999993018806,ok,,,0.0
E5,Kaggle tsp_dataset,#183,98,Greedy,,1001.2868927879214,0.001855200040154159,ok,,,0.0
E5,Kaggle tsp_dataset,#184,25,Greedy,,499.2831159805403,0.00010960001964122057,ok,,,0.0
E5,Kaggle tsp_dataset,#185,54,Greedy,,683.624509540907,0.00044710002839565277,ok,,,0.0
E5,Kaggle tsp_dataset,#186,64,Greedy,,797.2488431593774,0.0006513999542221427,ok,,,0.0
E5,Kaggle tsp_dataset,#187,82,Greedy,,806.1365810346596,0.0010856000008061528,ok,,,0.0
E5,Kaggle tsp_dataset,#188,79,Greedy,,799.3755655175668,0.0009976000292226672,ok,,,0.0
E5,Kaggle tsp_dataset,#189,40,Greedy,,617.6918759180495,0.0002514999359846115,ok,,,0.0
E5,Kaggle tsp_dataset,#190,35,Greedy,,519.2512323044948,0.0002145000034943223,ok,,,0.0
E5,Kaggle tsp_dataset,#191,46,Greedy,,636.2325708185253,0.00032899994403123856,ok,,,0.0
E5,Kaggle tsp_dataset,#192,62,Greedy,,671.3556398713586,0.0005925999721512198,ok,,,0.0
E5,Kaggle tsp_dataset,#193,66,Greedy,,794.0263299918037,0.0007056000176817179,ok,,,0.0
E5,Kaggle tsp_dataset,#194,50,Greedy,,714.5947507944853,0.0003704000264406204,ok,,,0.0
E5,Kaggle tsp_dataset,#195,73,Greedy,,747.4773045145355,0.0008276000153273344,ok,,,0.0
E5,Kaggle tsp_dataset,#196,49,Greedy,,626.7626529518714,0.0006225999677553773,ok,,,0.0
E5,Kaggle tsp_dataset,#197,86,Greedy,,855.559748283039,0.0018211000133305788,ok,,,0.0
E5,Kaggle tsp_dataset,#198,94,Greedy,,904.5183087641096,0.0018527000211179256,ok,,,0.0
E5,Kaggle tsp_dataset,#199,35,Greedy,,493.48806935385414,0.0001829999964684248,ok,,,0.0
E5,Kaggle tsp_dataset,#200,86,Greedy,,861.6290040395223,0.0012120000319555402,ok,,,0.0
E5,Kaggle tsp_dataset,#201,44,Greedy,,638.5549141490408,0.00029660004656761885,ok,,,0.0
E5,Kaggle tsp_dataset,#202,55,Greedy,,663.984924300843,0.0004496000474318862,ok,,,0.0
E5,Kaggle tsp_dataset,#203,41,Greedy,,532.9393060411519,0.00024339999072253704,ok,,,0.0
E5,Kaggle tsp_dataset,#204,33,Greedy,,511.3975504331752,0.00016579998191446066,ok,,,0.0
E5,Kaggle tsp_dataset,#205,63,Greedy,,760.4889470045189,0.0006900998996570706,ok,,,0.0
E5,Kaggle tsp_dataset,#206,63,Greedy,,720.4663027983171,0.0006336999358609319,ok,,,0.0
E5,Kaggle tsp_dataset,#207,60,Greedy,,714.8714026683892,0.0005483999848365784,ok,,,0.0
E5,Kaggle tsp_dataset,#208,54,Greedy,,653.4051273550198,0.0004971999442204833,ok,,,0.0
E5,Kaggle tsp_dataset,#209,76,Greedy,,841.8622126642954,0.0009931999957188964,ok,,,0.0
E5,Kaggle tsp_dataset,#210,51,Greedy,,650.0917662735602,0.00038840004708617926,ok,,,0.0
E5,Kaggle tsp_dataset,#211,93,Greedy,,803.8474837697074,0.0016080000204965472,ok,,,0.0
E5,Kaggle tsp_dataset,#212,41,Greedy,,629.9971694942874,0.00031779997516423464,ok,,,0.0
E5,Kaggle tsp_dataset,#213,57,Greedy,,796.9766486864085,0.0005391000304371119,ok,,,0.0
E5,Kaggle tsp_dataset,#214,93,Greedy,,723.4290545880103,0.001598500064574182,ok,,,0.0
E5,Kaggle tsp_dataset,#215,49,Greedy,,642.599551020939,0.00035719992592930794,ok,,,0.0
E5,Kaggle tsp_dataset,#216,62,Greedy,,768.0755164175347,0.0006246999837458134,ok,,,0.0
E5,Kaggle tsp_dataset,#217,86,Greedy,,838.6076391673477,0.0011526999296620488,ok,,,0.0
E5,Kaggle tsp_dataset,#218,87,Greedy,,867.0435032535767,0.0013337999116629362,ok,,,0.0
E5,Kaggle tsp_dataset,#219,26,Greedy,,447.76721072066385,0.00011280004400759935,ok,,,0.0
E5,Kaggle tsp_dataset,#220,44,Greedy,,568.3090503450131,0.00030049995984882116,ok,,,0.0
E5,Kaggle tsp_dataset,#221,39,Greedy,,625.0315933676717,0.0002476000227034092,ok,,,0.0
E5,Kaggle tsp_dataset,#222,100,Greedy,,880.2487685100446,0.0020323999924585223,ok,,,0.0
E5,Kaggle tsp_dataset,#223,70,Greedy,,796.5373535185195,0.0008839999791234732,ok,,,0.0
E5,Kaggle tsp_dataset,#224,32,Greedy,,475.3897173001359,0.00016329996287822723,ok,,,0.0
E5,Kaggle tsp_dataset,#225,51,Greedy,,681.2236684240512,0.0004800999304279685,ok,,,0.0
E5,Kaggle tsp_dataset,#226,79,Greedy,,779.7082455770098,0.0010417999001219869,ok,,,0.0
E5,Kaggle tsp_dataset,#227,26,Greedy,,467.9085603428343,0.000116499955765903,ok,,,0.0
E5,Kaggle tsp_dataset,#228,55,Greedy,,757.2190464202582,0.000506900018081069,ok,,,0.0
E5,Kaggle tsp_dataset,#229,28,Greedy,,466.32301425556784,0.00012720003724098206,ok,,,0.0
E5,Kaggle tsp_dataset,#230,26,Greedy,,518.176828911777,0.00010499998461455107,ok,,,0.0
E5,Kaggle tsp_dataset,#231,82,Greedy,,852.4891456908958,0.0015388999599963427,ok,,,0.0
E5,Kaggle tsp_dataset,#232,50,Greedy,,658.7264808130221,0.0006873999955132604,ok,,,0.0
E5,Kaggle tsp_dataset,#233,53,Greedy,,703.4746370562344,0.0004548000870272517,ok,,,0.0
E5,Kaggle tsp_dataset,#234,54,Greedy,,626.684339525346,0.0004579999949783087,ok,,,0.0
E5,Kaggle tsp_dataset,#235,43,Greedy,,599.4284850313674,0.00028879998717457056,ok,,,0.0
E5,Kaggle tsp_dataset,#236,82,Greedy,,806.6398843492585,0.0012080000014975667,ok,,,0.0
E5,Kaggle tsp_dataset,#237,35,Greedy,,555.6467429397554,0.00020140002015978098,ok,,,0.0
E5,Kaggle tsp_dataset,#238,58,Greedy,,721.1912035158912,0.0005646999925374985,ok,,,0.0
E5,Kaggle tsp_dataset,#239,88,Greedy,,752.731522899467,0.0012863000156357884,ok,,,0.0
E5,Kaggle tsp_dataset,#240,75,Greedy,,804.3655637127155,0.0009080000454559922,ok,,,0.0
E5,Kaggle tsp_dataset,#241,28,Greedy,,549.6123599227948,0.00012800004333257675,ok,,,0.0
E5,Kaggle tsp_dataset,#242,25,Greedy,,409.3278910860373,0.00010160007514059544,ok,,,0.0
E5,Kaggle tsp_dataset,#243,51,Greedy,,651.9266630393306,0.00041799992322921753,ok,,,0.0
E5,Kaggle tsp_dataset,#244,100,Greedy,,910.7498191171888,0.001948299934156239,ok,,,0.0
E5,Kaggle tsp_dataset,#245,60,Greedy,,712.7132080067536,0.000623099971562624,ok,,,0.0
E5,Kaggle tsp_dataset,#246,26,Greedy,,513.1387119589767,0.00012690003495663404,ok,,,0.0
E5,Kaggle tsp_dataset,#247,91,Greedy,,808.3408048030403,0.0015940000303089619,ok,,,0.0
E5,Kaggle tsp_dataset,#248,43,Greedy,,610.5054272578229,0.000291600008495152,ok,,,0.0
E5,Kaggle tsp_dataset,#249,26,Greedy,,460.4324359789452,0.00010980002116411924,ok,,,0.0
E5,Kaggle tsp_dataset,#250,68,Greedy,,805.669297659914,0.0007726999465376139,ok,,,0.0
E5,Kaggle tsp_dataset,#251,23,Greedy,,551.5726745709743,9.490002412348986e-05,ok,,,0.0
E5,Kaggle tsp_dataset,#252,38,Greedy,,541.416621897487,0.00029640004504472017,ok,,,0.0
E5,Kaggle tsp_dataset,#253,40,Greedy,,585.0849832346628,0.000245999894104898,ok,,,0.0
E5,Kaggle tsp_dataset,#254,44,Greedy,,620.7930550118443,0.00030960002914071083,ok,,,0.0
E5,Kaggle tsp_dataset,#255,37,Greedy,,527.02763489067,0.00021759991068392992,ok,,,0.0
E5,Kaggle tsp_dataset,#256,78,Greedy,,809.2263447420635,0.0010115000186488032,ok,,,0.0
E5,Kaggle tsp_dataset,#257,31,Greedy,,598.2903149279693,0.00016229995526373386,ok,,,0.0
E5,Kaggle tsp_dataset,#258,69,Greedy,,720.2254449013395,0.0007404000498354435,ok,,,0.0
E5,Kaggle tsp_dataset,#259,75,Greedy,,790.3964734323864,0.0008917999221011996,ok,,,0.0
E5,Kaggle tsp_dataset,#260,27,Greedy,,498.62043071508225,0.00012280000373721123,ok,,,0.0
E5,Kaggle tsp_dataset,#261,27,Greedy,,518.7801349211841,0.00011619995348155499,ok,,,0.0
E5,Kaggle tsp_dataset,#262,24,Greedy,,429.0101508772039,9.599991608411074e-05,ok,,,0.0
E5,Kaggle tsp_dataset,#263,36,Greedy,,565.996006476387,0.00020380003843456507,ok,,,0.0
E5,Kaggle tsp_dataset,#264,66,Greedy,,787.6137732319318,0.0007272000657394528,ok,,,0.0
E5,Kaggle tsp_dataset,#265,29,Greedy,,559.9721858759573,0.00013719999697059393,ok,,,0.0
E5,Kaggle tsp_dataset,#266,68,Greedy,,762.5756958091516,0.0007221000269055367,ok,,,0.0
E5,Kaggle tsp_dataset,#267,29,Greedy,,514.1373863252988,0.00013719999697059393,ok,,,0.0
E5,Kaggle tsp_dataset,#268,24,Greedy,,433.06139294246145,9.360001422464848e-05,ok,,,0.0
E5,Kaggle tsp_dataset,#269,69,Greedy,,747.9050313946934,0.0007501000072807074,ok,,,0.0
E5,Kaggle tsp_dataset,#270,88,Greedy,,844.3486193111438,0.0012481999583542347,ok,,,0.0
E5,Kaggle tsp_dataset,#271,34,Greedy,,538.063225830256,0.00018860003910958767,ok,,,0.0
E5,Kaggle tsp_dataset,#272,31,Greedy,,522.9652183083901,0.00015330000314861536,ok,,,0.0
E5,Kaggle tsp_dataset,#273,59,Greedy,,759.7430907802021,0.0008131999056786299,ok,,,0.0
E5,Kaggle tsp_dataset,#274,58,Greedy,,692.9584291913102,0.0005395000334829092,ok,,,0.0
E5,Kaggle tsp_dataset,#275,45,Greedy,,632.9038376224827,0.0003155000740662217,ok,,,0.0
E5,Kaggle tsp_dataset,#276,56,Greedy,,730.3080458218698,0.000530900084413588,ok,,,0.0
E5,Kaggle tsp_dataset,#277,77,Greedy,,834.3397007090934,0.0009761999826878309,ok,,,0.0
E5,Kaggle tsp_dataset,#278,45,Greedy,,646.2057555951741,0.00032940006349235773,ok,,,0.0
E5,Kaggle tsp_dataset,#279,70,Greedy,,701.179681419757,0.0008500999538227916,ok,,,0.0
E5,Kaggle tsp_dataset,#280,43,Greedy,,556.658168797652,0.00027650000993162394,ok,,,0.0
E5,Kaggle tsp_dataset,#281,38,Greedy,,619.1259676001217,0.00022549997083842754,ok,,,0.0
E5,Kaggle tsp_dataset,#282,72,Greedy,,857.6045781439439,0.0008424000116065145,ok,,,0.0
E5,Kaggle tsp_dataset,#283,20,Greedy,,411.0782371490584,7.109995931386948e-05,ok,,,0.0
E5,Kaggle tsp_dataset,#284,98,Greedy,,1014.0920265268708,0.0019460000330582261,ok,,,0.0
E5,Kaggle tsp_dataset,#285,31,Greedy,,481.8487115654597,0.00015430001076310873,ok,,,0.0
E5,Kaggle tsp_dataset,#286,100,Greedy,,865.5882621529448,0.0018007999751716852,ok,,,0.0
E5,Kaggle tsp_dataset,#287,52,Greedy,,744.8423292499602,0.0005256999284029007,ok,,,0.0
E5,Kaggle tsp_dataset,#288,47,Greedy,,523.5976869866976,0.0003296999493613839,ok,,,0.0
E5,Kaggle tsp_dataset,#289,28,Greedy,,456.73896046805964,0.00012159999459981918,ok,,,0.0
E5,Kaggle tsp_dataset,#290,77,Greedy,,760.0393288218216,0.0009860999416559935,ok,,,0.0
E5,Kaggle tsp_dataset,#291,65,Greedy,,672.42971810723,0.000659800018183887,ok,,,0.0
E5,Kaggle tsp_dataset,#292,29,Greedy,,616.5752667638908,0.00014020001981407404,ok,,,0.0
E5,Kaggle tsp_dataset,#293,61,Greedy,,730.6280315312656,0.0005785999819636345,ok,,,0.0
E5,Kaggle tsp_dataset,#294,67,Greedy,,821.3016537078879,0.0007577999494969845,ok,,,0.0
E5,Kaggle tsp_dataset,#295,70,Greedy,,703.5941829384674,0.0008994000963866711,ok,,,0.0
E5,Kaggle tsp_dataset,#296,37,Greedy,,540.3267686299554,0.0002066000597551465,ok,,,0.0
E5,Kaggle tsp_dataset,#297,85,Greedy,,848.8398750875889,0.001244999933987856,ok,,,0.0
E5,Kaggle tsp_dataset,#298,87,Greedy,,801.2349013897712,0.0012164999498054385,ok,,,0.0
E5,Kaggle tsp_dataset,#299,25,Greedy,,494.5867252477275,0.00010220007970929146,ok,,,0.0
E5,Kaggle tsp_dataset,#300,70,Greedy,,796.215070855583,0.0008736000163480639,ok,,,0.0
E5,Kaggle tsp_dataset,#301,47,Greedy,,600.6504578397172,0.000332399969920516,ok,,,0.0
E5,Kaggle tsp_dataset,#302,85,Greedy,,874.4782669810379,0.0011402000673115253,ok,,,0.0
E5,Kaggle tsp_dataset,#303,95,Greedy,,899.9529287354728,0.0016930000856518745,ok,,,0.0
E5,Kaggle tsp_dataset,#304,84,Greedy,,777.4179159729141,0.0012070999946445227,ok,,,0.0
E5,Kaggle tsp_dataset,#305,47,Greedy,,802.1479723754767,0.0003654999891296029,ok,,,0.0
E5,Kaggle tsp_dataset,#306,63,Greedy,,693.2601481552193,0.0005783999804407358,ok,,,0.0
E5,Kaggle tsp_dataset,#307,48,Greedy,,674.769160961049,0.0003559000324457884,ok,,,0.0
E5,Kaggle tsp_dataset,#308,87,Greedy,,861.0120596928043,0.0013013000134378672,ok,,,0.0
E5,Kaggle tsp_dataset,#309,29,Greedy,,516.7943243687009,0.00013049994595348835,ok,,,0.0
E5,Kaggle tsp_dataset,#310,41,Greedy,,629.6406786409519,0.00024720001965761185,ok,,,0.0
E5,Kaggle tsp_dataset,#311,90,Greedy,,907.2730712317446,0.0014519999967887998,ok,,,0.0
E5,Kaggle tsp_dataset,#312,78,Greedy,,887.7707340501753,0.0010044000810012221,ok,,,0.0
E5,Kaggle tsp_dataset,#313,47,Greedy,,720.9210298490281,0.0003423000453040004,ok,,,0.0
E5,Kaggle tsp_dataset,#314,45,Greedy,,672.5931175598457,0.00034730008337646723,ok,,,0.0
E5,Kaggle tsp_dataset,#315,94,Greedy,,881.3605336149699,0.0016659999964758754,ok,,,0.0
E5,Kaggle tsp_dataset,#316,95,Greedy,,979.3113914054237,0.001701100030913949,ok,,,0.0
E5,Kaggle tsp_dataset,#317,99,Greedy,,952.4931378048223,0.0017886999994516373,ok,,,0.0
E5,Kaggle tsp_dataset,#318,20,Greedy,,418.1031453145572,7.119996007531881e-05,ok,,,0.0
E5,Kaggle tsp_dataset,#319,51,Greedy,,676.1511539112455,0.00038059998769313097,ok,,,0.0
E5,Kaggle tsp_dataset,#320,20,Greedy,,461.95340928005214,7.130007725208998e-05,ok,,,0.0
E5,Kaggle tsp_dataset,#321,79,Greedy,,929.6937881088685,0.001040400005877018,ok,,,0.0
E5,Kaggle tsp_dataset,#322,90,Greedy,,832.2291796295453,0.0014735000440850854,ok,,,0.0
E5,Kaggle tsp_dataset,#323,37,Greedy,,510.7090501221918,0.00020250002853572369,ok,,,0.0
E5,Kaggle tsp_dataset,#324,80,Greedy,,852.538392566196,0.0010497000766918063,ok,,,0.0
E5,Kaggle tsp_dataset,#325,73,Greedy,,812.0262657359409,0.0008734000148251653,ok,,,0.0
E5,Kaggle tsp_dataset,#326,35,Greedy,,478.1394918486699,0.00019069993868470192,ok,,,0.0
E5,Kaggle tsp_dataset,#327,53,Greedy,,678.7789418797637,0.000430300016887486,ok,,,0.0
E5,Kaggle tsp_dataset,#328,33,Greedy,,545.3466153309962,0.0001911999424919486,ok,,,0.0
E5,Kaggle tsp_dataset,#329,22,Greedy,,494.3444134390126,8.52999510243535e-05,ok,,,0.0
E5,Kaggle tsp_dataset,#330,72,Greedy,,789.6435624210402,0.0008699999889358878,ok,,,0.0
E5,Kaggle tsp_dataset,#331,45,Greedy,,602.7213444819367,0.00029850006103515625,ok,,,0.0
E5,Kaggle tsp_dataset,#332,23,Greedy,,510.91695032473774,9.029998909682035e-05,ok,,,0.0
E5,Kaggle tsp_dataset,#333,99,Greedy,,883.4143656034256,0.0017461000243201852,ok,,,0.0
E5,Kaggle tsp_dataset,#334,21,Greedy,,479.810521532999,8.080003317445517e-05,ok,,,0.0
E5,Kaggle tsp_dataset,#335,43,Greedy,,565.2200025877227,0.00028179993387311697,ok,,,0.0
E5,Kaggle tsp_dataset,#336,93,Greedy,,934.5746645738286,0.0016371000092476606,ok,,,0.0
E5,Kaggle tsp_dataset,#337,37,Greedy,,595.8394236892844,0.00026679993607103825,ok,,,0.0
E5,Kaggle tsp_dataset,#338,26,Greedy,,486.638553107784,0.00011070002801716328,ok,,,0.0
E5,Kaggle tsp_dataset,#339,91,Greedy,,860.5487818284103,0.0014780000783503056,ok,,,0.0
E5,Kaggle tsp_dataset,#340,22,Greedy,,452.04077599365934,8.109991904348135e-05,ok,,,0.0
E5,Kaggle tsp_dataset,#341,88,Greedy,,918.9410795719772,0.0013227000599727035,ok,,,0.0
E5,Kaggle tsp_dataset,#342,40,Greedy,,664.1365531109823,0.0002528000622987747,ok,,,0.0
E5,Kaggle tsp_dataset,#343,52,Greedy,,684.5077416134031,0.0004200000548735261,ok,,,0.0
E5,Kaggle tsp_dataset,#344,52,Greedy,,695.0387991233389,0.00041390000842511654,ok,,,0.0
E5,Kaggle tsp_dataset,#345,38,Greedy,,510.5016035532075,0.00020919996313750744,ok,,,0.0
E5,Kaggle tsp_dataset,#346,41,Greedy,,591.6703173512905,0.00025699997786432505,ok,,,0.0
E5,Kaggle tsp_dataset,#347,69,Greedy,,754.3708382526837,0.0007749000797048211,ok,,,0.0
E5,Kaggle tsp_dataset,#348,44,Greedy,,561.1756127442133,0.00029479991644620895,ok,,,0.0
E5,Kaggle tsp_dataset,#349,26,Greedy,,514.1610974749836,0.00010689999908208847,ok,,,0.0
E5,Kaggle tsp_dataset,#350,67,Greedy,,828.218502839916,0.0007562999380752444,ok,,,0.0
E5,Kaggle tsp_dataset,#351,33,Greedy,,609.5753295969106,0.0001724000321701169,ok,,,0.0
E5,Kaggle tsp_dataset,#352,100,Greedy,,949.273088456251,0.0019219000823795795,ok,,,0.0
E5,Kaggle tsp_dataset,#353,51,Greedy,,670.7775826778285,0.0003896000562235713,ok,,,0.0
E5,Kaggle tsp_dataset,#354,38,Greedy,,636.8264308700936,0.00022169994190335274,ok,,,0.0
E5,Kaggle tsp_dataset,#355,67,Greedy,,817.6247363202547,0.0007400999311357737,ok,,,0.0
E5,Kaggle tsp_dataset,#356,85,Greedy,,810.6720358577,0.0011411000741645694,ok,,,0.0
E5,Kaggle tsp_dataset,#357,23,Greedy,,465.0534021610643,8.620007429271936e-05,ok,,,0.0
E5,Kaggle tsp_dataset,#358,63,Greedy,,672.6517935398559,0.0006249999860301614,ok,,,0.0
E5,Kaggle tsp_dataset,#359,47,Greedy,,608.5987990758765,0.00032220000866800547,ok,,,0.0
E5,Kaggle tsp_dataset,#360,78,Greedy,,827.4860851723648,0.0010729000205174088,ok,,,0.0
E5,Kaggle tsp_dataset,#361,85,Greedy,,761.9640882605797,0.0011364000383764505,ok,,,0.0
E5,Kaggle tsp_dataset,#362,49,Greedy,,671.7604829986553,0.00035580003168433905,ok,,,0.0
E5,Kaggle tsp_dataset,#363,99,Greedy,,923.2186837937604,0.0020053000189363956,ok,,,0.0
E5,Kaggle tsp_dataset,#364,23,Greedy,,465.2829848086014,9.220000356435776e-05,ok,,,0.0
E5,Kaggle tsp_dataset,#365,45,Greedy,,594.04843936539,0.00030529999639838934,ok,,,0.0
E5,Kaggle tsp_dataset,#366,62,Greedy,,699.3256886660236,0.0006110999966040254,ok,,,0.0
E5,Kaggle tsp_dataset,#367,97,Greedy,,875.1404454584944,0.0017778000328689814,ok,,,0.0
E5,Kaggle tsp_dataset,#368,29,Greedy,,470.48478008586943,0.00013319996651262045,ok,,,0.0
E5,Kaggle tsp_dataset,#369,74,Greedy,,790.2159866760372,0.0008826999692246318,ok,,,0.0
E5,Kaggle tsp_dataset,#370,81,Greedy,,794.4900602072571,0.0010482999496161938,ok,,,0.0
E5,Kaggle tsp_dataset,#371,67,Greedy,,832.0061583147846,0.0007292000809684396,ok,,,0.0
E5,Kaggle tsp_dataset,#372,100,Greedy,,904.6102557325127,0.0018535000272095203,ok,,,0.0
E5,Kaggle tsp_dataset,#373,86,Greedy,,841.46343668697,0.001146900001913309,ok,,,0.0
E5,Kaggle tsp_dataset,#374,96,Greedy,,872.9640212265803,0.0016456000739708543,ok,,,0.0
E5,Kaggle tsp_dataset,#375,92,Greedy,,854.8777651620803,0.001576300011947751,ok,,,0.0
E5,Kaggle tsp_dataset,#376,84,Greedy,,888.7738195611495,0.0011416999623179436,ok,,,0.0
E5,Kaggle tsp_dataset,#377,45,Greedy,,579.311249420564,0.000300500076264143,ok,,,0.0
E5,Kaggle tsp_dataset,#378,79,Greedy,,816.5865722663938,0.0009736999636515975,ok,,,0.0
E5,Kaggle tsp_dataset,#379,33,Greedy,,555.6305212900676,0.00018540001474320889,ok,,,0.0
E5,Kaggle tsp_dataset,#380,43,Greedy,,659.4628725277018,0.0002804000396281481,ok,,,0.0
E5,Kaggle tsp_dataset,#381,98,Greedy,,875.4244976884992,0.0017523999558761716,ok,,,0.0
E5,Kaggle tsp_dataset,#382,60,Greedy,,735.1073437484138,0.0005531000206246972,ok,,,0.0
E5,Kaggle tsp_dataset,#383,55,Greedy,,683.4256364292387,0.0004903998924419284,ok,,,0.0
E5,Kaggle tsp_dataset,#384,81,Greedy,,862.4312021619587,0.0010392001131549478,ok,,,0.0
E5,Kaggle tsp_dataset,#385,38,Greedy,,592.9118949186078,0.00021240010391920805,ok,,,0.0
E5,Kaggle tsp_dataset,#386,39,Greedy,,603.1527603750966,0.00022400007583200932,ok,,,0.0
E5,Kaggle tsp_dataset,#387,77,Greedy,,801.7900301809918,0.0009553999407216907,ok,,,0.0
E5,Kaggle tsp_dataset,#388,44,Greedy,,698.1321946066064,0.0002791999140754342,ok,,,0.0
E5,Kaggle tsp_dataset,#389,28,Greedy,,495.46509705745,0.00012039998546242714,ok,,,0.0
E5,Kaggle tsp_dataset,#390,40,Greedy,,560.9837820681817,0.00023760006297379732,ok,,,0.0
E5,Kaggle tsp_dataset,#391,86,Greedy,,865.0443607950449,0.001202500076033175,ok,,,0.0
E5,Kaggle tsp_dataset,#392,24,Greedy,,509.21062651820006,9.919994045048952e-05,ok,,,0.0
E5,Kaggle tsp_dataset,#393,88,Greedy,,848.9956325740602,0.0012402000138536096,ok,,,0.0
E5,Kaggle tsp_dataset,#394,48,Greedy,,654.5173794056169,0.00035310001112520695,ok,,,0.0
E5,Kaggle tsp_dataset,#395,40,Greedy,,700.4573979165397,0.0002501000417396426,ok,,,0.0
E5,Kaggle tsp_dataset,#396,98,Greedy,,833.1803013810077,0.001751599949784577,ok,,,0.0
E5,Kaggle tsp_dataset,#397,22,Greedy,,432.24417624517656,8.25000461190939e-05,ok,,,0.0
E5,Kaggle tsp_dataset,#398,53,Greedy,,718.3402418708449,0.0004455000162124634,ok,,,0.0
E5,Kaggle tsp_dataset,#399,50,Greedy,,669.3583037911093,0.00036750000435858965,ok,,,0.0
E5,Kaggle tsp_dataset,#400,61,Greedy,,724.0819584972445,0.0005985000170767307,ok,,,0.0
E5,Kaggle tsp_dataset,#401,81,Greedy,,841.6892743279161,0.0010950000723823905,ok,,,0.0
E5,Kaggle tsp_dataset,#402,29,Greedy,,550.8590369460741,0.00013589998707175255,ok,,,0.0
E5,Kaggle tsp_dataset,#403,61,Greedy,,719.6523638843234,0.0005749999545514584,ok,,,0.0
E5,Kaggle tsp_dataset,#404,89,Greedy,,924.4208818382027,0.0014739999314770103,ok,,,0.0
E5,Kaggle tsp_dataset,#405,69,Greedy,,799.9762670440841,0.0007665000157430768,ok,,,0.0
E5,Kaggle tsp_dataset,#406,50,Greedy,,664.2460551108594,0.0003974999999627471,ok,,,0.0
E5,Kaggle tsp_dataset,#407,71,Greedy,,758.612537231774,0.0007741999579593539,ok,,,0.0
E5,Kaggle tsp_dataset,#408,29,Greedy,,576.7831152787932,0.0001398000167682767,ok,,,0.0
E5,Kaggle tsp_dataset,#409,69,Greedy,,717.5095280090179,0.0007609000895172358,ok,,,0.0
E5,Kaggle tsp_dataset,#410,94,Greedy,,833.8936764344636,0.0016055000014603138,ok,,,0.0
E5,Kaggle tsp_dataset,#411,47,Greedy,,623.7650144148141,0.00035170000046491623,ok,,,0.0
E5,Kaggle tsp_dataset,#412,47,Greedy,,671.9250866466502,0.0003575000446289778,ok,,,0.0
E5,Kaggle tsp_dataset,#413,37,Greedy,,548.2893247928713,0.00021229998674243689,ok,,,0.0
E5,Kaggle tsp_dataset,#414,30,Greedy,,552.3265322926302,0.00015460001304745674,ok,,,0.0
E5,Kaggle tsp_dataset,#415,82,Greedy,,796.8886822167013,0.0010619999375194311,ok,,,0.0
E5,Kaggle tsp_dataset,#416,92,Greedy,,886.025885203197,0.0015814999351277947,ok,,,0.0
E5,Kaggle tsp_dataset,#417,81,Greedy,,893.234844566667,0.0010837999871000648,ok,,,0.0
E5,Kaggle tsp_dataset,#418,40,Greedy,,642.2424660809854,0.00024670001585036516,ok,,,0.0
E5,Kaggle tsp_dataset,#419,75,Greedy,,757.08081769774,0.0013928000116720796,ok,,,0.0
E5,Kaggle tsp_dataset,#420,55,Greedy,,682.396747497003,0.0007174999918788671,ok,,,0.0
E5,Kaggle tsp_dataset,#421,38,Greedy,,552.7767379693971,0.0003317000810056925,ok,,,0.0
E5,Kaggle tsp_dataset,#422,59,Greedy,,729.9108548663318,0.0005960999988019466,ok,,,0.0
E5,Kaggle tsp_dataset,#423,52,Greedy,,627.2327672308099,0.00042669998947530985,ok,,,0.0
E5,Kaggle tsp_dataset,#424,71,Greedy,,692.5676754426869,0.0008276000153273344,ok,,,0.0
E5,Kaggle tsp_dataset,#425,93,Greedy,,966.4654312731716,0.0016446999507024884,ok,,,0.0
E5,Kaggle tsp_dataset,#426,66,Greedy,,768.3340472640316,0.0007039000047370791,ok,,,0.0
E5,Kaggle tsp_dataset,#427,22,Greedy,,461.3540687681222,8.420005906373262e-05,ok,,,0.0
E5,Kaggle tsp_dataset,#428,26,Greedy,,547.2388444485779,0.0001132000470533967,ok,,,0.0
E5,Kaggle tsp_dataset,#429,77,Greedy,,892.3188532878172,0.0010721000144258142,ok,,,0.0
E5,Kaggle tsp_dataset,#430,92,Greedy,,850.6061620538846,0.0015486000338569283,ok,,,0.0
E5,Kaggle tsp_dataset,#431,51,Greedy,,675.4628545095494,0.00042399996891617775,ok,,,0.0
E5,Kaggle tsp_dataset,#432,68,Greedy,,748.7187074295899,0.000741699943318963,ok,,,0.0
E5,Kaggle tsp_dataset,#433,83,Greedy,,910.7351174326178,0.001243300037458539,ok,,,0.0
E5,Kaggle tsp_dataset,#434,78,Greedy,,816.8021099239908,0.00137339998036623,ok,,,0.0
E5,Kaggle tsp_dataset,#435,52,Greedy,,690.2712302837542,0.000431500026024878,ok,,,0.0
E5,Kaggle tsp_dataset,#436,31,Greedy,,551.9565028141407,0.00015810003969818354,ok,,,0.0
E5,Kaggle tsp_dataset,#437,37,Greedy,,512.6529977115708,0.0002090999623760581,ok,,,0.0
E5,Kaggle tsp_dataset,#438,67,Greedy,,694.359328225197,0.0006795999361202121,ok,,,0.0
E5,Kaggle tsp_dataset,#439,51,Greedy,,661.8649045684145,0.0004200999392196536,ok,,,0.0
E5,Kaggle tsp_dataset,#440,64,Greedy,,703.012181220648,0.0006182999350130558,ok,,,0.0
E5,Kaggle tsp_dataset,#441,71,Greedy,,866.6165020765424,0.0008478000527247787,ok,,,0.0
E5,Kaggle tsp_dataset,#442,81,Greedy,,797.2856244489805,0.0010472000576555729,ok,,,0.0
E5,Kaggle tsp_dataset,#443,45,Greedy,,636.0729194422516,0.00033119996078312397,ok,,,0.0
E5,Kaggle tsp_dataset,#444,70,Greedy,,834.8830976930959,0.0008132999064400792,ok,,,0.0
E5,Kaggle tsp_dataset,#445,41,Greedy,,676.9341815256635,0.0002839999506250024,ok,,,0.0
E5,Kaggle tsp_dataset,#446,34,Greedy,,621.1103085204758,0.00018370000179857016,ok,,,0.0
E5,Kaggle tsp_dataset,#447,58,Greedy,,694.9614278820618,0.0006307000294327736,ok,,,0.0
E5,Kaggle tsp_dataset,#448,91,Greedy,,881.6489968379185,0.0015206999378278852,ok,,,0.0
E5,Kaggle tsp_dataset,#449,74,Greedy,,766.1492989835848,0.0008557999972254038,ok,,,0.0
E5,Kaggle tsp_dataset,#450,49,Greedy,,694.7601200857995,0.0003784999717026949,ok,,,0.0
E5,Kaggle tsp_dataset,#451,55,Greedy,,784.3869955194119,0.0004681999562308192,ok,,,0.0
E5,Kaggle tsp_dataset,#452,73,Greedy,,791.2794231131593,0.0008872998878359795,ok,,,0.0
E5,Kaggle tsp_dataset,#453,93,Greedy,,885.9552683562416,0.0015462000155821443,ok,,,0.0
E5,Kaggle tsp_dataset,#454,75,Greedy,,825.0494760805926,0.001249799970537424,ok,,,0.0
E5,Kaggle tsp_dataset,#455,36,Greedy,,562.220108527607,0.0001952000893652439,ok,,,0.0
E5,Kaggle tsp_dataset,#456,73,Greedy,,800.0079276168982,0.0008997999830171466,ok,,,0.0
E5,Kaggle tsp_dataset,#457,80,Greedy,,853.221328916759,0.0010466999374330044,ok,,,0.0
E5,Kaggle tsp_dataset,#458,52,Greedy,,700.5364278436557,0.0004298000130802393,ok,,,0.0
E5,Kaggle tsp_dataset,#459,99,Greedy,,938.7421024292145,0.0018666998948901892,ok,,,0.0
E5,Kaggle tsp_dataset,#460,65,Greedy,,674.8761404918121,0.0006687999702990055,ok,,,0.0
E5,Kaggle tsp_dataset,#461,47,Greedy,,662.8033118335369,0.0003397000255063176,ok,,,0.0
E5,Kaggle tsp_dataset,#462,22,Greedy,,478.1842791717056,7.970002479851246e-05,ok,,,0.0
E5,Kaggle tsp_dataset,#463,26,Greedy,,454.0934066215007,0.00011060002725571394,ok,,,0.0
E5,Kaggle tsp_dataset,#464,77,Greedy,,854.1536601679976,0.0009764001006260514,ok,,,0.0
E5,Kaggle tsp_dataset,#465,64,Greedy,,765.332280096022,0.0006652000593021512,ok,,,0.0
E5,Kaggle tsp_dataset,#466,59,Greedy,,724.742512191319,0.0005400999216362834,ok,,,0.0
E5,Kaggle tsp_dataset,#467,37,Greedy,,628.304848803897,0.00020720006432384253,ok,,,0.0
E5,Kaggle tsp_dataset,#468,32,Greedy,,551.1274634495744,0.00015320000238716602,ok,,,0.0
E5,Kaggle tsp_dataset,#469,83,Greedy,,882.3247349886767,0.0012453999370336533,ok,,,0.0
E5,Kaggle tsp_dataset,#470,48,Greedy,,709.6317650576044,0.0003645999822765589,ok,,,0.0
E5,Kaggle tsp_dataset,#471,33,Greedy,,520.2912313616135,0.00016910000704228878,ok,,,0.0
E5,Kaggle tsp_dataset,#472,91,Greedy,,800.156080334411,0.0015060000587254763,ok,,,0.0
E5,Kaggle tsp_dataset,#473,44,Greedy,,614.1184298083369,0.0003013000823557377,ok,,,0.0
E5,Kaggle tsp_dataset,#474,60,Greedy,,790.9796059500551,0.0005908999592065811,ok,,,0.0
E5,Kaggle tsp_dataset,#475,58,Greedy,,749.7814649599532,0.0005283000646159053,ok,,,0.0
E5,Kaggle tsp_dataset,#476,29,Greedy,,563.6873487007042,0.00014030002057552338,ok,,,0.0
E5,Kaggle tsp_dataset,#477,91,Greedy,,953.2705201257866,0.0015523000620305538,ok,,,0.0
E5,Kaggle tsp_dataset,#478,22,Greedy,,364.69512421801164,7.969990838319063e-05,ok,,,0.0
E5,Kaggle tsp_dataset,#479,53,Greedy,,719.8771054081632,0.00045300007332116365,ok,,,0.0
E5,Kaggle tsp_dataset,#480,38,Greedy,,556.5302947009682,0.00022110005374997854,ok,,,0.0
E5,Kaggle tsp_dataset,#481,86,Greedy,,808.1790540282628,0.0011643999023362994,ok,,,0.0
E5,Kaggle tsp_dataset,#482,73,Greedy,,721.2737387193527,0.000813000020571053,ok,,,0.0
E5,Kaggle tsp_dataset,#483,59,Greedy,,745.553565623669,0.00055570004042238,ok,,,0.0
E5,Kaggle tsp_dataset,#484,81,Greedy,,820.930471327521,0.0011082999408245087,ok,,,0.0
E5,Kaggle tsp_dataset,#485,69,Greedy,,783.3029687978889,0.0007046000100672245,ok,,,0.0
E5,Kaggle tsp_dataset,#486,43,Greedy,,617.5468486546042,0.00028739997651427984,ok,,,0.0
E5,Kaggle tsp_dataset,#487,47,Greedy,,612.096184368544,0.00033389998134225607,ok,,,0.0
E5,Kaggle tsp_dataset,#488,89,Greedy,,872.5391834360594,0.0014253000263124704,ok,,,0.0
E5,Kaggle tsp_dataset,#489,83,Greedy,,862.3672910147666,0.0011733999708667397,ok,,,0.0
E5,Kaggle tsp_dataset,#490,46,Greedy,,660.9690678149575,0.0003385999007150531,ok,,,0.0
E5,Kaggle tsp_dataset,#491,44,Greedy,,675.0234308995141,0.0003081999020650983,ok,,,0.0
E5,Kaggle tsp_dataset,#492,87,Greedy,,885.2369297283986,0.0012876000255346298,ok,,,0.0
E5,Kaggle tsp_dataset,#493,22,Greedy,,435.2845268070412,8.050003089010715e-05,ok,,,0.0
E5,Kaggle tsp_dataset,#494,68,Greedy,,720.8855385774823,0.0007445999654009938,ok,,,0.0
E5,Kaggle tsp_dataset,#495,57,Greedy,,703.1022622303678,0.0004946000408381224,ok,,,0.0
E5,Kaggle tsp_dataset,#496,75,Greedy,,829.9326361730566,0.0010741999140009284,ok,,,0.0
E5,Kaggle tsp_dataset,#497,20,Greedy,,394.04023507919203,7.100007496774197e-05,ok,,,0.0
E5,Kaggle tsp_dataset,#498,36,Greedy,,663.5234888274289,0.00021249998826533556,ok,,,0.0
E5,Kaggle tsp_dataset,#499,96,Greedy,,905.323541168926,0.0018506000051274896,ok,,,0.0
E5,Kaggle tsp_dataset,#500,89,Greedy,,832.9482275215379,0.0013819000450894237,ok,,,0.0
E5,Kaggle tsp_dataset,#501,99,Greedy,,900.3695053983823,0.002090599969960749,ok,,,0.0
E5,Kaggle tsp_dataset,#502,74,Greedy,,957.8838039105278,0.0012376999948173761,ok,,,0.0
E5,Kaggle tsp_dataset,#503,86,Greedy,,919.4893537899134,0.0013217999367043376,ok,,,0.0
E5,Kaggle tsp_dataset,#504,63,Greedy,,750.2935826024762,0.0009726999560371041,ok,,,0.0
E5,Kaggle tsp_dataset,#505,56,Greedy,,634.7326189034104,0.0004897000035271049,ok,,,0.0
E5,Kaggle tsp_dataset,#506,58,Greedy,,727.7544965919527,0.0005261999322101474,ok,,,0.0
E5,Kaggle tsp_dataset,#507,75,Greedy,,754.1471604446745,0.0009822000283747911,ok,,,0.0
E5,Kaggle tsp_dataset,#508,20,Greedy,,384.7420463457492,0.00010820000898092985,ok,,,0.0
E5,Kaggle tsp_dataset,#509,56,Greedy,,617.8092992298781,0.0004721999866887927,ok,,,0.0
E5,Kaggle tsp_dataset,#510,84,Greedy,,857.6425447496787,0.0012477000709623098,ok,,,0.0
E5,Kaggle tsp_dataset,#511,66,Greedy,,822.0639225578884,0.0006798000540584326,ok,,,0.0
E5,Kaggle tsp_dataset,#512,64,Greedy,,715.1741350424829,0.0006247999845072627,ok,,,0.0
E5,Kaggle tsp_dataset,#513,80,Greedy,,821.2364342955308,0.0011097999522462487,ok,,,0.0
E5,Kaggle tsp_dataset,#514,76,Greedy,,842.7851874493994,0.0009905999759212136,ok,,,0.0
E5,Kaggle tsp_dataset,#515,27,Greedy,,468.84027429202047,0.00011880008969455957,ok,,,0.0
E5,Kaggle tsp_dataset,#516,44,Greedy,,638.7031344622023,0.00031020003370940685,ok,,,0.0
E5,Kaggle tsp_dataset,#517,28,Greedy,,495.83014830216507,0.00012520002201199532,ok,,,0.0
E5,Kaggle tsp_dataset,#518,75,Greedy,,649.873519716065,0.0008549999911338091,ok,,,0.0
E5,Kaggle tsp_dataset,#519,61,Greedy,,674.3350037393238,0.000551799894310534,ok,,,0.0
E5,Kaggle tsp_dataset,#520,28,Greedy,,454.531888024514,0.00012199999764561653,ok,,,0.0
E5,Kaggle tsp_dataset,#521,87,Greedy,,852.5316429480994,0.0013292999938130379,ok,,,0.0
E5,Kaggle tsp_dataset,#522,85,Greedy,,850.1067946493184,0.0011726999655365944,ok,,,0.0
E5,Kaggle tsp_dataset,#523,79,Greedy,,797.2432200276578,0.000979200005531311,ok,,,0.0
E5,Kaggle tsp_dataset,#524,27,Greedy,,563.8316950733961,0.0001276000402867794,ok,,,0.0
E5,Kaggle tsp_dataset,#525,60,Greedy,,730.0238826862167,0.0005896000657230616,ok,,,0.0
E5,Kaggle tsp_dataset,#526,78,Greedy,,742.097335360617,0.0009612999856472015,ok,,,0.0
E5,Kaggle tsp_dataset,#527,96,Greedy,,907.1514100571817,0.001636600005440414,ok,,,0.0
E5,Kaggle tsp_dataset,#528,54,Greedy,,741.0162867170665,0.00046559993643313646,ok,,,0.0
E5,Kaggle tsp_dataset,#529,73,Greedy,,851.2538971359677,0.0010254000080749393,ok,,,0.0
E5,Kaggle tsp_dataset,#530,92,Greedy,,863.8152581587079,0.0015084000770002604,ok,,,0.0
E5,Kaggle tsp_dataset,#531,56,Greedy,,663.9917718473683,0.0004694999661296606,ok,,,0.0
E5,Kaggle tsp_dataset,#532,69,Greedy,,758.2011159878573,0.000770700047723949,ok,,,0.0
E5,Kaggle tsp_dataset,#533,24,Greedy,,413.6412544381216,0.00010249996557831764,ok,,,0.0
E5,Kaggle tsp_dataset,#534,92,Greedy,,947.1616673891729,0.0016524000093340874,ok,,,0.0
E5,Kaggle tsp_dataset,#535,37,Greedy,,592.9748131098987,0.0002142000012099743,ok,,,0.0
E5,Kaggle tsp_dataset,#536,100,Greedy,,1052.5458228292298,0.002087400062009692,ok,,,0.0
E5,Kaggle tsp_dataset,#537,84,Greedy,,832.3088398587325,0.0011496000224724412,ok,,,0.0
E5,Kaggle tsp_dataset,#538,44,Greedy,,634.8874288630001,0.00030780001543462276,ok,,,0.0
E5,Kaggle tsp_dataset,#539,100,Greedy,,938.0334032761308,0.0018328999867662787,ok,,,0.0
E5,Kaggle tsp_dataset,#540,89,Greedy,,841.3077053820771,0.001261299941688776,ok,,,0.0
E5,Kaggle tsp_dataset,#541,35,Greedy,,559.7278421330484,0.00018770003225654364,ok,,,0.0
E5,Kaggle tsp_dataset,#542,43,Greedy,,612.3582735285569,0.00028989999555051327,ok,,,0.0
E5,Kaggle tsp_dataset,#543,99,Greedy,,885.6039867449917,0.0017704999772831798,ok,,,0.0
E5,Kaggle tsp_dataset,#544,99,Greedy,,973.9096783096654,0.0018051000079140067,ok,,,0.0
E5,Kaggle tsp_dataset,#545,80,Greedy,,872.9238628996028,0.0010748000349849463,ok,,,0.0
E5,Kaggle tsp_dataset,#546,94,Greedy,,915.8849881130225,0.0016644999850541353,ok,,,0.0
E5,Kaggle tsp_dataset,#547,33,Greedy,,509.37055191374463,0.00016639998648315668,ok,,,0.0
E5,Kaggle tsp_dataset,#548,94,Greedy,,902.540215523906,0.0016314999666064978,ok,,,0.0
E5,Kaggle tsp_dataset,#549,58,Greedy,,821.0955856876917,0.0005666000070050359,ok,,,0.0
E5,Kaggle tsp_dataset,#550,71,Greedy,,847.7015137989132,0.0008576000109314919,ok,,,0.0
E5,Kaggle tsp_dataset,#551,75,Greedy,,758.4307633679853,0.000861200038343668,ok,,,0.0
E5,Kaggle tsp_dataset,#552,71,Greedy,,760.9573835414284,0.0008320000488311052,ok,,,0.0
E5,Kaggle tsp_dataset,#553,39,Greedy,,638.4430088697281,0.00025670009199529886,ok,,,0.0
E5,Kaggle tsp_dataset,#554,84,Greedy,,827.6981342507113,0.0011995000531896949,ok,,,0.0
E5,Kaggle tsp_dataset,#555,39,Greedy,,604.8967976607137,0.00023610005155205727,ok,,,0.0
E5,Kaggle tsp_dataset,#556,50,Greedy,,725.8379639629127,0.00040739995893090963,ok,,,0.0
E5,Kaggle tsp_dataset,#557,59,Greedy,,630.5591137845931,0.0005786000983789563,ok,,,0.0
E5,Kaggle tsp_dataset,#558,89,Greedy,,871.6866396520398,0.0013651999179273844,ok,,,0.0
E5,Kaggle tsp_dataset,#559,56,Greedy,,715.1058499235423,0.0004923999076709151,ok,,,0.0
E5,Kaggle tsp_dataset,#560,37,Greedy,,560.5812726140267,0.00021059997379779816,ok,,,0.0
E5,Kaggle tsp_dataset,#561,23,Greedy,,497.7704943912218,8.939998224377632e-05,ok,,,0.0
E5,Kaggle tsp_dataset,#562,55,Greedy,,745.7547041912258,0.0005035001086071134,ok,,,0.0
E5,Kaggle tsp_dataset,#563,25,Greedy,,493.2603366924526,0.00010059995111078024,ok,,,0.0
E5,Kaggle tsp_dataset,#564,20,Greedy,,402.444650388445,7.040007039904594e-05,ok,,,0.0
E5,Kaggle tsp_dataset,#565,48,Greedy,,720.4526699093747,0.00039739999920129776,ok,,,0.0
E5,Kaggle tsp_dataset,#566,56,Greedy,,726.8007110608322,0.0005358000053092837,ok,,,0.0
E5,Kaggle tsp_dataset,#567,49,Greedy,,690.0218773896194,0.00036479998379945755,ok,,,0.0
E5,Kaggle tsp_dataset,#568,67,Greedy,,730.2005062799782,0.0007038000039756298,ok,,,0.0
E5,Kaggle tsp_dataset,#569,70,Greedy,,797.102758530103,0.0008289000252261758,ok,,,0.0
E5,Kaggle tsp_dataset,#570,88,Greedy,,841.7585772121238,0.001344099990092218,ok,,,0.0
E5,Kaggle tsp_dataset,#571,37,Greedy,,572.1724941895092,0.00022960000205785036,ok,,,0.0
E5,Kaggle tsp_dataset,#572,97,Greedy,,903.4803829521326,0.0016682000132277608,ok,,,0.0
E5,Kaggle tsp_dataset,#573,49,Greedy,,713.0330859138817,0.0003736999351531267,ok,,,0.0
E5,Kaggle tsp_dataset,#574,89,Greedy,,896.9564118309788,0.0013635000213980675,ok,,,0.0
E5,Kaggle tsp_dataset,#575,67,Greedy,,751.9215185883031,0.0006782000418752432,ok,,,0.0
E5,Kaggle tsp_dataset,#576,39,Greedy,,585.3656902288224,0.00024089997168630362,ok,,,0.0
E5,Kaggle tsp_dataset,#577,39,Greedy,,594.7835593337423,0.00023340003099292517,ok,,,0.0
E5,Kaggle tsp_dataset,#578,46,Greedy,,660.5554607232694,0.0003119000466540456,ok,,,0.0
E5,Kaggle tsp_dataset,#579,83,Greedy,,767.6372576151142,0.0010502999648451805,ok,,,0.0
E5,Kaggle tsp_dataset,#580,67,Greedy,,757.2365533014896,0.0006990000838413835,ok,,,0.0
E5,Kaggle tsp_dataset,#581,52,Greedy,,728.0401335820269,0.0004118999931961298,ok,,,0.0
E5,Kaggle tsp_dataset,#582,37,Greedy,,594.351605662314,0.00021309999283403158,ok,,,0.0
E5,Kaggle tsp_dataset,#583,79,Greedy,,881.0496464468793,0.0011893999762833118,ok,,,0.0
E5,Kaggle tsp_dataset,#584,62,Greedy,,741.6702012326383,0.0005931999767199159,ok,,,0.0
E5,Kaggle tsp_dataset,#585,87,Greedy,,865.9804620658579,0.0012382999993860722,ok,,,0.0
E5,Kaggle tsp_dataset,#586,60,Greedy,,787.4135118818305,0.0005641999887302518,ok,,,0.0
E5,Kaggle tsp_dataset,#587,21,Greedy,,410.75179372425066,7.339997682720423e-05,ok,,,0.0
E5,Kaggle tsp_dataset,#588,55,Greedy,,614.1432599619426,0.00045759999193251133,ok,,,0.0
E5,Kaggle tsp_dataset,#589,80,Greedy,,769.9552597713212,0.0009836000390350819,ok,,,0.0
E5,Kaggle tsp_dataset,#590,44,Greedy,,578.8045520017291,0.0002927000168710947,ok,,,0.0
E5,Kaggle tsp_dataset,#591,27,Greedy,,485.42258626020794,0.0001086000120267272,ok,,,0.0
E5,Kaggle tsp_dataset,#592,28,Greedy,,553.7649871183601,0.00012159999459981918,ok,,,0.0
E5,Kaggle tsp_dataset,#593,55,Greedy,,670.11954969888,0.0004472999135032296,ok,,,0.0
E5,Kaggle tsp_dataset,#594,47,Greedy,,657.5383371947744,0.0003269000444561243,ok,,,0.0
E5,Kaggle tsp_dataset,#595,38,Greedy,,638.9720521490482,0.00021239998750388622,ok,,,0.0
E5,Kaggle tsp_dataset,#596,41,Greedy,,586.3241887638512,0.0002479000249877572,ok,,,0.0
E5,Kaggle tsp_dataset,#597,20,Greedy,,342.2760375584347,6.57000346109271e-05,ok,,,0.0
E5,Kaggle tsp_dataset,#598,32,Greedy,,542.3000571116972,0.00020560005214065313,ok,,,0.0
E5,Kaggle tsp_dataset,#599,59,Greedy,,727.7769603720043,0.0005425000563263893,ok,,,0.0
E5,Kaggle tsp_dataset,#600,86,Greedy,,926.8044401233916,0.0012486999621614814,ok,,,0.0
E5,Kaggle tsp_dataset,#601,56,Greedy,,668.7735284196402,0.00046090001706033945,ok,,,0.0
E5,Kaggle tsp_dataset,#602,28,Greedy,,531.0630012683985,0.00012859993148595095,ok,,,0.0
E5,Kaggle tsp_dataset,#603,22,Greedy,,402.87900729955857,7.71000050008297e-05,ok,,,0.0
E5,Kaggle tsp_dataset,#604,100,Greedy,,912.779420538863,0.0018656000029295683,ok,,,0.0
E5,Kaggle tsp_dataset,#605,94,Greedy,,994.9497376925134,0.0017201000591740012,ok,,,0.0
E5,Kaggle tsp_dataset,#606,62,Greedy,,738.3468078035868,0.0005700000328943133,ok,,,0.0
E5,Kaggle tsp_dataset,#607,53,Greedy,,702.1904950436384,0.00040769996121525764,ok,,,0.0
E5,Kaggle tsp_dataset,#608,91,Greedy,,855.0062135441292,0.001495900098234415,ok,,,0.0
E5,Kaggle tsp_dataset,#609,42,Greedy,,554.4759639363562,0.0002579999854788184,ok,,,0.0
E5,Kaggle tsp_dataset,#610,33,Greedy,,532.3354105026077,0.00016850000247359276,ok,,,0.0
E5,Kaggle tsp_dataset,#611,41,Greedy,,530.768435493684,0.0002615000121295452,ok,,,0.0
E5,Kaggle tsp_dataset,#612,34,Greedy,,558.4349208033375,0.00035560003016144037,ok,,,0.0
E5,Kaggle tsp_dataset,#613,100,Greedy,,966.5852659303794,0.0018930999794974923,ok,,,0.0
E5,Kaggle tsp_dataset,#614,97,Greedy,,1051.6717237344008,0.0021143999183550477,ok,,,0.0
E5,Kaggle tsp_dataset,#615,99,Greedy,,840.5693332997415,0.0018849000334739685,ok,,,0.0
E5,Kaggle tsp_dataset,#616,86,Greedy,,897.3974280781378,0.0014062999980524182,ok,,,0.0
E5,Kaggle tsp_dataset,#617,39,Greedy,,610.0889183258114,0.00023790006525814533,ok,,,0.0
E5,Kaggle tsp_dataset,#618,99,Greedy,,983.5541238094083,0.0018568000523373485,ok,,,0.0
E5,Kaggle tsp_dataset,#619,98,Greedy,,882.429698124633,0.0017382000805810094,ok,,,0.0
E5,Kaggle tsp_dataset,#620,80,Greedy,,793.7193588696163,0.0010154000483453274,ok,,,0.0
E5,Kaggle tsp_dataset,#621,75,Greedy,,829.7351188892424,0.0008936000522226095,ok,,,0.0
E5,Kaggle tsp_dataset,#622,28,Greedy,,438.9948523601619,0.0001265000319108367,ok,,,0.0
E5,Kaggle tsp_dataset,#623,100,Greedy,,950.4783639448904,0.0018968000076711178,ok,,,0.0
E5,Kaggle tsp_dataset,#624,46,Greedy,,712.3616093479246,0.0003383000148460269,ok,,,0.0
E5,Kaggle tsp_dataset,#625,32,Greedy,,568.1829672053833,0.00016609998419880867,ok,,,0.0
E5,Kaggle tsp_dataset,#626,98,Greedy,,924.1378860822688,0.001866400009021163,ok,,,0.0
E5,Kaggle tsp_dataset,#627,69,Greedy,,780.5488730234081,0.0007639999967068434,ok,,,0.0
E5,Kaggle tsp_dataset,#628,34,Greedy,,593.8642787041332,0.00018940004520118237,ok,,,0.0
E5,Kaggle tsp_dataset,#629,47,Greedy,,605.4744849433359,0.00033080007415264845,ok,,,0.0
E5,Kaggle tsp_dataset,#630,46,Greedy,,678.8727658575456,0.00035039999056607485,ok,,,0.0
E5,Kaggle tsp_dataset,#631,72,Greedy,,855.065299913778,0.0008990999776870012,ok,,,0.0
E5,Kaggle tsp_dataset,#632,89,Greedy,,844.6480066038928,0.0014860000228509307,ok,,,0.0
E5,Kaggle tsp_dataset,#633,34,Greedy,,553.8307558004138,0.00017529993783682585,ok,,,0.0
E5,Kaggle tsp_dataset,#634,41,Greedy,,595.789743601606,0.00026320002507418394,ok,,,0.0
E5,Kaggle tsp_dataset,#635,79,Greedy,,792.6656867652922,0.0009917999850586057,ok,,,0.0
E5,Kaggle tsp_dataset,#636,85,Greedy,,815.8464640196452,0.001283199992030859,ok,,,0.0
E5,Kaggle tsp_dataset,#637,30,Greedy,,497.85895055624235,0.0001468999544158578,ok,,,0.0
E5,Kaggle tsp_dataset,#638,71,Greedy,,819.4793709019747,0.0007804000051692128,ok,,,0.0
E5,Kaggle tsp_dataset,#639,61,Greedy,,771.5814039505224,0.0005837999051436782,ok,,,0.0
E5,Kaggle tsp_dataset,#640,60,Greedy,,697.5027492067043,0.0005622999742627144,ok,,,0.0
E5,Kaggle tsp_dataset,#641,46,Greedy,,651.4481926990022,0.0004908000119030476,ok,,,0.0
E5,Kaggle tsp_dataset,#642,67,Greedy,,736.042397980547,0.0007168001029640436,ok,,,0.0
E5,Kaggle tsp_dataset,#643,22,Greedy,,456.90992990397314,8.499994874000549e-05,ok,,,0.0
E5,Kaggle tsp_dataset,#644,78,Greedy,,891.7886445169502,0.0010583000257611275,ok,,,0.0
E5,Kaggle tsp_dataset,#645,28,Greedy,,434.76982214460713,0.00012959993910044432,ok,,,0.0
E5,Kaggle tsp_dataset,#646,82,Greedy,,792.6666879345281,0.0010812999680638313,ok,,,0.0
E5,Kaggle tsp_dataset,#647,65,Greedy,,717.7045596917857,0.0006864999886602163,ok,,,0.0
E5,Kaggle tsp_dataset,#648,39,Greedy,,677.5847464479367,0.0002610000083222985,ok,,,0.0
E5,Kaggle tsp_dataset,#649,75,Greedy,,704.7474603789216,0.0009035000111907721,ok,,,0.0
E5,Kaggle tsp_dataset,#650,34,Greedy,,541.4239074986385,0.00018079997971653938,ok,,,0.0
E5,Kaggle tsp_dataset,#651,50,Greedy,,739.9997561476956,0.00040989997796714306,ok,,,0.0
E5,Kaggle tsp_dataset,#652,58,Greedy,,732.9911520168017,0.0005460999673232436,ok,,,0.0
E5,Kaggle tsp_dataset,#653,31,Greedy,,518.8996077402762,0.00016099994536489248,ok,,,0.0
E5,Kaggle tsp_dataset,#654,86,Greedy,,937.246123688791,0.0013266000896692276,ok,,,0.0
E5,Kaggle tsp_dataset,#655,30,Greedy,,588.7289182303292,0.00014990009367465973,ok,,,0.0
E5,Kaggle tsp_dataset,#656,24,Greedy,,517.1911733911836,9.740004315972328e-05,ok,,,0.0
E5,Kaggle tsp_dataset,#657,85,Greedy,,866.1202341037651,0.0012152999406680465,ok,,,0.0
E5,Kaggle tsp_dataset,#658,46,Greedy,,689.8660062712978,0.000470499973744154,ok,,,0.0
E5,Kaggle tsp_dataset,#659,92,Greedy,,852.429119427974,0.0017873999895527959,ok,,,0.0
E5,Kaggle tsp_dataset,#660,75,Greedy,,884.3171163465976,0.000989799969829619,ok,,,0.0
E5,Kaggle tsp_dataset,#661,36,Greedy,,491.40911250471606,0.0002001000102609396,ok,,,0.0
E5,Kaggle tsp_dataset,#662,64,Greedy,,770.734037973546,0.0006308999145403504,ok,,,0.0
E5,Kaggle tsp_dataset,#663,80,Greedy,,861.5661328031731,0.0011405999539420009,ok,,,0.0
E5,Kaggle tsp_dataset,#664,80,Greedy,,727.9027468795158,0.0010079999919980764,ok,,,0.0
E5,Kaggle tsp_dataset,#665,45,Greedy,,635.245492601886,0.000305499997921288,ok,,,0.0
E5,Kaggle tsp_dataset,#666,22,Greedy,,398.80635247924914,8.25000461190939e-05,ok,,,0.0
E5,Kaggle tsp_dataset,#667,20,Greedy,,399.9783902531873,7.100007496774197e-05,ok,,,0.0
E5,Kaggle tsp_dataset,#668,31,Greedy,,582.6306866485837,0.0001542000100016594,ok,,,0.0
E5,Kaggle tsp_dataset,#669,82,Greedy,,805.3764759479349,0.0011108999606221914,ok,,,0.0
E5,Kaggle tsp_dataset,#670,79,Greedy,,910.6715086856349,0.0010212999768555164,ok,,,0.0
E5,Kaggle tsp_dataset,#671,73,Greedy,,752.44258738669,0.0008340999484062195,ok,,,0.0
E5,Kaggle tsp_dataset,#672,29,Greedy,,481.58812843883896,0.00013459997717291117,ok,,,0.0
E5,Kaggle tsp_dataset,#673,37,Greedy,,532.1864068739181,0.00021049997303634882,ok,,,0.0
E5,Kaggle tsp_dataset,#674,42,Greedy,,628.0913081614559,0.0002717999741435051,ok,,,0.0
E5,Kaggle tsp_dataset,#675,94,Greedy,,873.6308810061703,0.0015759000089019537,ok,,,0.0
E5,Kaggle tsp_dataset,#676,58,Greedy,,682.862421669156,0.0005448999581858516,ok,,,0.0
E5,Kaggle tsp_dataset,#677,27,Greedy,,431.4298544768769,0.00011749996338039637,ok,,,0.0
E5,Kaggle tsp_dataset,#678,79,Greedy,,711.745397892678,0.0009730999590829015,ok,,,0.0
E5,Kaggle tsp_dataset,#679,47,Greedy,,664.9510244006252,0.00034140003845095634,ok,,,0.0
E5,Kaggle tsp_dataset,#680,34,Greedy,,531.8505581109467,0.000175100052729249,ok,,,0.0
E5,Kaggle tsp_dataset,#681,37,Greedy,,586.4385315796204,0.0002166999038308859,ok,,,0.0
E5,Kaggle tsp_dataset,#682,74,Greedy,,738.5527634059018,0.0008443999104201794,ok,,,0.0
E5,Kaggle tsp_dataset,#683,24,Greedy,,391.5725906986617,9.089999366551638e-05,ok,,,0.0
E5,Kaggle tsp_dataset,#684,39,Greedy,,581.8477919792674,0.0002506000455468893,ok,,,0.0
E5,Kaggle tsp_dataset,#685,37,Greedy,,579.3727050860657,0.00022630009334534407,ok,,,0.0
E5,Kaggle tsp_dataset,#686,57,Greedy,,744.2130142329823,0.0005421999376267195,ok,,,0.0
E5,Kaggle tsp_dataset,#687,51,Greedy,,701.4076893567926,0.00040630006697028875,ok,,,0.0
E5,Kaggle tsp_dataset,#688,27,Greedy,,429.7141266781301,0.00011129991617053747,ok,,,0.0
E5,Kaggle tsp_dataset,#689,48,Greedy,,685.9704292895358,0.00034570007119327784,ok,,,0.0
E5,Kaggle tsp_dataset,#690,65,Greedy,,776.8990136183264,0.0006748000159859657,ok,,,0.0
E5,Kaggle tsp_dataset,#691,84,Greedy,,862.9999407380097,0.0013089000713080168,ok,,,0.0
E5,Kaggle tsp_dataset,#692,46,Greedy,,575.2677793590437,0.0003220000071451068,ok,,,0.0
E5,Kaggle tsp_dataset,#693,72,Greedy,,802.9247399287059,0.0008555999957025051,ok,,,0.0
E5,Kaggle tsp_dataset,#694,81,Greedy,,823.3160478947784,0.0010379999876022339,ok,,,0.0
E5,Kaggle tsp_dataset,#695,67,Greedy,,688.7743085039427,0.0006706999847665429,ok,,,0.0
E5,Kaggle tsp_dataset,#696,68,Greedy,,730.2235976692574,0.0007827999070286751,ok,,,0.0
E5,Kaggle tsp_dataset,#697,57,Greedy,,762.4437039514412,0.0005181999877095222,ok,,,0.0
E5,Kaggle tsp_dataset,#698,49,Greedy,,764.0141190057321,0.0003692000173032284,ok,,,0.0
E5,Kaggle tsp_dataset,#699,32,Greedy,,588.1413939211726,0.00015850004274398088,ok,,,0.0
E5,Kaggle tsp_dataset,#700,85,Greedy,,827.5705407540487,0.001191799994558096,ok,,,0.0
E5,Kaggle tsp_dataset,#701,24,Greedy,,435.7140244103715,9.200000204145908e-05,ok,,,0.0
E5,Kaggle tsp_dataset,#702,37,Greedy,,539.2026307492041,0.0003347999881953001,ok,,,0.0
E5,Kaggle tsp_dataset,#703,94,Greedy,,875.2853695186018,0.0016262000426650047,ok,,,0.0
E5,Kaggle tsp_dataset,#704,93,Greedy,,839.8969597798925,0.0015305000124499202,ok,,,0.0
E5,Kaggle tsp_dataset,#705,50,Greedy,,660.7759508718664,0.0005516000092029572,ok,,,0.0
E5,Kaggle tsp_dataset,#706,41,Greedy,,583.3592790838067,0.0002709999680519104,ok,,,0.0
E5,Kaggle tsp_dataset,#707,68,Greedy,,787.5716630986586,0.0007855999283492565,ok,,,0.0
E5,Kaggle tsp_dataset,#708,76,Greedy,,850.1971238463424,0.0009203000226989388,ok,,,0.0
E5,Kaggle tsp_dataset,#709,26,Greedy,,412.59785656090656,0.00010730000212788582,ok,,,0.0
E5,Kaggle tsp_dataset,#710,62,Greedy,,751.5692944783873,0.0008556999964639544,ok,,,0.0
E5,Kaggle tsp_dataset,#711,50,Greedy,,641.9855687810503,0.00039850000757724047,ok,,,0.0
E5,Kaggle tsp_dataset,#712,51,Greedy,,606.5103536148699,0.0003823000006377697,ok,,,0.0
E5,Kaggle tsp_dataset,#713,61,Greedy,,726.7669683630726,0.000686399987898767,ok,,,0.0
E5,Kaggle tsp_dataset,#714,73,Greedy,,819.9927106332362,0.0008527999743819237,ok,,,0.0
E5,Kaggle tsp_dataset,#715,85,Greedy,,841.2604450927298,0.0011600999860092998,ok,,,0.0
E5,Kaggle tsp_dataset,#716,87,Greedy,,876.4397905802094,0.001330200000666082,ok,,,0.0
E5,Kaggle tsp_dataset,#717,49,Greedy,,709.6249828401328,0.0003920999588444829,ok,,,0.0
E5,Kaggle tsp_dataset,#718,39,Greedy,,670.9036291871275,0.00025509996339678764,ok,,,0.0
E5,Kaggle tsp_dataset,#719,80,Greedy,,897.668154025283,0.001090100035071373,ok,,,0.0
E5,Kaggle tsp_dataset,#720,99,Greedy,,917.008921633169,0.0018560999305918813,ok,,,0.0
E5,Kaggle tsp_dataset,#721,51,Greedy,,596.3845959080008,0.0003994000144302845,ok,,,0.0
E5,Kaggle tsp_dataset,#722,51,Greedy,,703.4792896792816,0.0004267999902367592,ok,,,0.0
E5,Kaggle tsp_dataset,#723,22,Greedy,,358.83597448626693,7.840001489967108e-05,ok,,,0.0
E5,Kaggle tsp_dataset,#724,45,Greedy,,637.6926076516488,0.00033840001560747623,ok,,,0.0
E5,Kaggle tsp_dataset,#725,35,Greedy,,542.2358358364387,0.00019029993563890457,ok,,,0.0
E5,Kaggle tsp_dataset,#726,78,Greedy,,780.5530376214409,0.001000800053589046,ok,,,0.0
E5,Kaggle tsp_dataset,#727,32,Greedy,,482.7985687919951,0.00015980005264282227,ok,,,0.0
E5,Kaggle tsp_dataset,#728,53,Greedy,,730.1648589986049,0.0004373999545350671,ok,,,0.0
E5,Kaggle tsp_dataset,#729,75,Greedy,,761.4232179072945,0.0009515000274404883,ok,,,0.0
E5,Kaggle tsp_dataset,#730,22,Greedy,,452.45232285878024,8.329993579536676e-05,ok,,,0.0
E5,Kaggle tsp_dataset,#731,29,Greedy,,571.6833207179466,0.0001479999627918005,ok,,,0.0
E5,Kaggle tsp_dataset,#732,76,Greedy,,774.0918302292741,0.0009944000048562884,ok,,,0.0
E5,Kaggle tsp_dataset,#733,82,Greedy,,686.0709600559592,0.0010878000175580382,ok,,,0.0
E5,Kaggle tsp_dataset,#734,81,Greedy,,821.446712695543,0.001188000082038343,ok,,,0.0
E5,Kaggle tsp_dataset,#735,96,Greedy,,925.4114439259013,0.0017525000730529428,ok,,,0.0
E5,Kaggle tsp_dataset,#736,45,Greedy,,669.9552021208718,0.00032110000029206276,ok,,,0.0
E5,Kaggle tsp_dataset,#737,58,Greedy,,709.18402074531,0.000547399977222085,ok,,,0.0
E5,Kaggle tsp_dataset,#738,25,Greedy,,492.1253462069556,0.00010679999832063913,ok,,,0.0
E5,Kaggle tsp_dataset,#739,80,Greedy,,807.9798040277142,0.0010760000441223383,ok,,,0.0
E5,Kaggle tsp_dataset,#740,49,Greedy,,679.7152363147395,0.0003774999640882015,ok,,,0.0
E5,Kaggle tsp_dataset,#741,73,Greedy,,801.9041526561364,0.0008725000079721212,ok,,,0.0
E5,Kaggle tsp_dataset,#742,62,Greedy,,697.1678418306545,0.0006166999228298664,ok,,,0.0
E5,Kaggle tsp_dataset,#743,82,Greedy,,954.8805161919478,0.0011840000515803695,ok,,,0.0
E5,Kaggle tsp_dataset,#744,50,Greedy,,639.8091831364826,0.00039549998473376036,ok,,,0.0
E5,Kaggle tsp_dataset,#745,53,Greedy,,690.1629155332145,0.0004412999842315912,ok,,,0.0
E5,Kaggle tsp_dataset,#746,27,Greedy,,566.2278992914943,0.0001276000402867794,ok,,,0.0
E5,Kaggle tsp_dataset,#747,27,Greedy,,387.0684166010908,0.0001113000325858593,ok,,,0.0
E5,Kaggle tsp_dataset,#748,59,Greedy,,703.2441844781455,0.0005619999719783664,ok,,,0.0
E5,Kaggle tsp_dataset,#749,78,Greedy,,801.780874211105,0.0010248000035062432,ok,,,0.0
E5,Kaggle tsp_dataset,#750,49,Greedy,,792.1813950584047,0.00040330004412680864,ok,,,0.0
E5,Kaggle tsp_dataset,#751,83,Greedy,,899.1551694240159,0.001228200038895011,ok,,,0.0
E5,Kaggle tsp_dataset,#752,73,Greedy,,703.8165018300875,0.0008471000473946333,ok,,,0.0
E5,Kaggle tsp_dataset,#753,41,Greedy,,556.5387128475483,0.0002549000782892108,ok,,,0.0
E5,Kaggle tsp_dataset,#754,65,Greedy,,760.9675709304762,0.0007102000527083874,ok,,,0.0
E5,Kaggle tsp_dataset,#755,45,Greedy,,612.5730437824176,0.000305499997921288,ok,,,0.0
E5,Kaggle tsp_dataset,#756,32,Greedy,,494.4041407160682,0.00016719999257475138,ok,,,0.0
E5,Kaggle tsp_dataset,#757,42,Greedy,,642.1242933892042,0.0002983999438583851,ok,,,0.0
E5,Kaggle tsp_dataset,#758,74,Greedy,,833.4089289597773,0.0008820999646559358,ok,,,0.0
E5,Kaggle tsp_dataset,#759,56,Greedy,,719.8914584908024,0.00046399992424994707,ok,,,0.0
E5,Kaggle tsp_dataset,#760,60,Greedy,,701.8139241767497,0.0005468999734148383,ok,,,0.0
E5,Kaggle tsp_dataset,#761,76,Greedy,,777.5895444864673,0.0008770999265834689,ok,,,0.0
E5,Kaggle tsp_dataset,#762,88,Greedy,,914.555571910753,0.001352399936877191,ok,,,0.0
E5,Kaggle tsp_dataset,#763,39,Greedy,,652.1450793020539,0.00023889995645731688,ok,,,0.0
E5,Kaggle tsp_dataset,#764,68,Greedy,,730.5857031335233,0.0007232000352814794,ok,,,0.0
E5,Kaggle tsp_dataset,#765,22,Greedy,,475.9846087738993,7.920002099126577e-05,ok,,,0.0
E5,Kaggle tsp_dataset,#766,43,Greedy,,638.7822612404223,0.0002940000267699361,ok,,,0.0
E5,Kaggle tsp_dataset,#767,76,Greedy,,819.6213500030133,0.0009344000136479735,ok,,,0.0
E5,Kaggle tsp_dataset,#768,58,Greedy,,754.9482794787292,0.000559799955226481,ok,,,0.0
E5,Kaggle tsp_dataset,#769,57,Greedy,,687.1879324819912,0.0005170999793335795,ok,,,0.0
E5,Kaggle tsp_dataset,#770,99,Greedy,,987.8099527714572,0.0018791999900713563,ok,,,0.0
E5,Kaggle tsp_dataset,#771,58,Greedy,,769.0087131481656,0.0005103000439703465,ok,,,0.0
E5,Kaggle tsp_dataset,#772,62,Greedy,,690.3342227446813,0.0005969000048935413,ok,,,0.0
E5,Kaggle tsp_dataset,#773,47,Greedy,,685.4195070307977,0.0004054000601172447,ok,,,0.0
E5,Kaggle tsp_dataset,#774,78,Greedy,,821.0261710786893,0.001031799940392375,ok,,,0.0
E5,Kaggle tsp_dataset,#775,87,Greedy,,856.4333018068146,0.0012212999863550067,ok,,,0.0
E5,Kaggle tsp_dataset,#776,41,Greedy,,583.2298214663546,0.0002484000287950039,ok,,,0.0
E5,Kaggle tsp_dataset,#777,31,Greedy,,518.9815546895558,0.00014450005255639553,ok,,,0.0
E5,Kaggle tsp_dataset,#778,44,Greedy,,615.2859673175441,0.00028149993158876896,ok,,,0.0
E5,Kaggle tsp_dataset,#779,68,Greedy,,704.1214710155893,0.0007914999732747674,ok,,,0.0
E5,Kaggle tsp_dataset,#780,35,Greedy,,513.1928364871474,0.00018480001017451286,ok,,,0.0
E5,Kaggle tsp_dataset,#781,40,Greedy,,566.6775879802163,0.00025969999842345715,ok,,,0.0
E5,Kaggle tsp_dataset,#782,48,Greedy,,731.7803597842078,0.00035690004006028175,ok,,,0.0
E5,Kaggle tsp_dataset,#783,60,Greedy,,758.6641248661148,0.0005515000084415078,ok,,,0.0
E5,Kaggle tsp_dataset,#784,83,Greedy,,857.5239904966703,0.001081799971871078,ok,,,0.0
E5,Kaggle tsp_dataset,#785,94,Greedy,,930.7529215042198,0.0016662999987602234,ok,,,0.0
E5,Kaggle tsp_dataset,#786,81,Greedy,,868.8972269021235,0.0012146999360993505,ok,,,0.0
E5,Kaggle tsp_dataset,#787,47,Greedy,,673.741051790355,0.00034769997000694275,ok,,,0.0
E5,Kaggle tsp_dataset,#788,76,Greedy,,732.8540276856033,0.000916199991479516,ok,,,0.0
E5,Kaggle tsp_dataset,#789,74,Greedy,,876.3367687323807,0.0009429999627172947,ok,,,0.0
E5,Kaggle tsp_dataset,#790,27,Greedy,,517.3994419474524,0.00011290004476904869,ok,,,0.0
E5,Kaggle tsp_dataset,#791,96,Greedy,,926.9141926771478,0.0018515000119805336,ok,,,0.0
E5,Kaggle tsp_dataset,#792,71,Greedy,,858.3659076840098,0.0008586000185459852,ok,,,0.0
E5,Kaggle tsp_dataset,#793,28,Greedy,,506.6721848355677,0.00012179999612271786,ok,,,0.0
E5,Kaggle tsp_dataset,#794,83,Greedy,,868.8362090147874,0.0011523000430315733,ok,,,0.0
E5,Kaggle tsp_dataset,#795,52,Greedy,,558.3963422401056,0.0003920999588444829,ok,,,0.0
E5,Kaggle tsp_dataset,#796,97,Greedy,,932.1312319015367,0.0016719000414013863,ok,,,0.0
E5,Kaggle tsp_dataset,#797,73,Greedy,,819.7146405265729,0.0008971999632194638,ok,,,0.0
E5,Kaggle tsp_dataset,#798,78,Greedy,,816.8762679995116,0.0009672000305727124,ok,,,0.0
E5,Kaggle tsp_dataset,#799,58,Greedy,,683.9639355061505,0.0005095000378787518,ok,,,0.0
E5,Kaggle tsp_dataset,#800,58,Greedy,,692.4711998737085,0.000548899988643825,ok,,,0.0
E5,Kaggle tsp_dataset,#801,26,Greedy,,546.0577687677905,0.0001156999496743083,ok,,,0.0
E5,Kaggle tsp_dataset,#802,45,Greedy,,626.6335417408453,0.00030499999411404133,ok,,,0.0
E5,Kaggle tsp_dataset,#803,21,Greedy,,353.15872434093217,7.219996768981218e-05,ok,,,0.0
E5,Kaggle tsp_dataset,#804,58,Greedy,,669.4194144917275,0.0005082000279799104,ok,,,0.0
E5,Kaggle tsp_dataset,#805,31,Greedy,,517.7149787383025,0.0001503999810665846,ok,,,0.0
E5,Kaggle tsp_dataset,#806,59,Greedy,,800.9593935714169,0.0005708999233320355,ok,,,0.0
E5,Kaggle tsp_dataset,#807,88,Greedy,,997.4055669867912,0.0013664000434800982,ok,,,0.0
E5,Kaggle tsp_dataset,#808,36,Greedy,,551.4018379230355,0.00019859999883919954,ok,,,0.0
E5,Kaggle tsp_dataset,#809,69,Greedy,,774.3565116607728,0.000775999971665442,ok,,,0.0
E5,Kaggle tsp_dataset,#810,64,Greedy,,717.9603564748486,0.0006438000127673149,ok,,,0.0
E5,Kaggle tsp_dataset,#811,60,Greedy,,663.8242466975516,0.0006141000194475055,ok,,,0.0
E5,Kaggle tsp_dataset,#812,54,Greedy,,663.6032651902053,0.0004339000442996621,ok,,,0.0
E5,Kaggle tsp_dataset,#813,88,Greedy,,842.2678811961808,0.0012407000176608562,ok,,,0.0
E5,Kaggle tsp_dataset,#814,27,Greedy,,455.63512430930075,0.00011560006532818079,ok,,,0.0
E5,Kaggle tsp_dataset,#815,32,Greedy,,604.8625280079899,0.00016880000475794077,ok,,,0.0
E5,Kaggle tsp_dataset,#816,81,Greedy,,781.9660206848107,0.0011715000728145242,ok,,,0.0
E5,Kaggle tsp_dataset,#817,22,Greedy,,436.1762205971166,8.190004155039787e-05,ok,,,0.0
E5,Kaggle tsp_dataset,#818,49,Greedy,,629.4959470328243,0.00035770004615187645,ok,,,0.0
E5,Kaggle tsp_dataset,#819,24,Greedy,,518.1215517283401,9.850005153566599e-05,ok,,,0.0
E5,Kaggle tsp_dataset,#820,40,Greedy,,608.3432312098162,0.0002373000606894493,ok,,,0.0
E5,Kaggle tsp_dataset,#821,26,Greedy,,441.70061856322496,0.00010950001887977123,ok,,,0.0
E5,Kaggle tsp_dataset,#822,45,Greedy,,652.8788757783947,0.0003085000207647681,ok,,,0.0
E5,Kaggle tsp_dataset,#823,94,Greedy,,856.7313736525639,0.0016397000290453434,ok,,,0.0
E5,Kaggle tsp_dataset,#824,84,Greedy,,851.1253699137346,0.0012827999889850616,ok,,,0.0
E5,Kaggle tsp_dataset,#825,36,Greedy,,523.728258102423,0.00019729998894035816,ok,,,0.0
E5,Kaggle tsp_dataset,#826,70,Greedy,,743.0392285911447,0.0007603999692946672,ok,,,0.0
E5,Kaggle tsp_dataset,#827,64,Greedy,,665.4582884675324,0.0006307999137789011,ok,,,0.0
E5,Kaggle tsp_dataset,#828,94,Greedy,,953.0490246513184,0.0017595000099390745,ok,,,0.0
E5,Kaggle tsp_dataset,#829,45,Greedy,,634.1056263541731,0.00032569991890341043,ok,,,0.0
E5,Kaggle tsp_dataset,#830,90,Greedy,,919.2270725278853,0.0014771000714972615,ok,,,0.0
E5,Kaggle tsp_dataset,#831,74,Greedy,,770.095009898138,0.0008390999864786863,ok,,,0.0
E5,Kaggle tsp_dataset,#832,97,Greedy,,947.628553277635,0.0017637000419199467,ok,,,0.0
E5,Kaggle tsp_dataset,#833,67,Greedy,,850.2886103474834,0.0007633999921381474,ok,,,0.0
E5,Kaggle tsp_dataset,#834,84,Greedy,,860.2475801335559,0.0012051999801769853,ok,,,0.0
E5,Kaggle tsp_dataset,#835,45,Greedy,,633.2612840561534,0.00033599999733269215,ok,,,0.0
E5,Kaggle tsp_dataset,#836,80,Greedy,,798.4421397579036,0.0010761000448837876,ok,,,0.0
E5,Kaggle tsp_dataset,#837,40,Greedy,,624.4228365554541,0.00023529992904514074,ok,,,0.0
E5,Kaggle tsp_dataset,#838,36,Greedy,,490.7180359890153,0.00018960004672408104,ok,,,0.0
E5,Kaggle tsp_dataset,#839,61,Greedy,,756.2674696368897,0.000727499951608479,ok,,,0.0
E5,Kaggle tsp_dataset,#840,56,Greedy,,739.809246688183,0.0004955000476911664,ok,,,0.0
E5,Kaggle tsp_dataset,#841,59,Greedy,,747.8690534312279,0.0005313999718055129,ok,,,0.0
E5,Kaggle tsp_dataset,#842,31,Greedy,,596.0761857238225,0.00015810003969818354,ok,,,0.0
E5,Kaggle tsp_dataset,#843,98,Greedy,,927.9749121751211,0.001853700028732419,ok,,,0.0
E5,Kaggle tsp_dataset,#844,70,Greedy,,860.3788511414424,0.000812100013718009,ok,,,0.0
E5,Kaggle tsp_dataset,#845,78,Greedy,,918.5158017822556,0.0010269000194966793,ok,,,0.0
E5,Kaggle tsp_dataset,#846,48,Greedy,,665.3869727545649,0.0004056999459862709,ok,,,0.0
E5,Kaggle tsp_dataset,#847,90,Greedy,,843.6390978208518,0.0016703999135643244,ok,,,0.0
E5,Kaggle tsp_dataset,#848,98,Greedy,,893.7040263250523,0.0017792999278753996,ok,,,0.0
E5,Kaggle tsp_dataset,#849,44,Greedy,,651.3227724359899,0.00032979995012283325,ok,,,0.0
E5,Kaggle tsp_dataset,#850,52,Greedy,,753.5425913332767,0.00042779999785125256,ok,,,0.0
E5,Kaggle tsp_dataset,#851,83,Greedy,,818.787737344221,0.0011002999963238835,ok,,,0.0
E5,Kaggle tsp_dataset,#852,21,Greedy,,541.3403266745732,8.079991675913334e-05,ok,,,0.0
E5,Kaggle tsp_dataset,#853,27,Greedy,,433.65085443407554,0.00011110003106296062,ok,,,0.0
E5,Kaggle tsp_dataset,#854,90,Greedy,,887.377966583494,0.00152449996676296,ok,,,0.0
E5,Kaggle tsp_dataset,#855,32,Greedy,,553.9351694666051,0.00015820004045963287,ok,,,0.0
E5,Kaggle tsp_dataset,#856,27,Greedy,,593.4161193872399,0.00011079991236329079,ok,,,0.0
E5,Kaggle tsp_dataset,#857,62,Greedy,,781.1350466487337,0.0006931999232620001,ok,,,0.0
E5,Kaggle tsp_dataset,#858,83,Greedy,,905.2919288924905,0.001120199915021658,ok,,,0.0
E5,Kaggle tsp_dataset,#859,98,Greedy,,951.7261688526601,0.0017754000145941973,ok,,,0.0
E5,Kaggle tsp_dataset,#860,32,Greedy,,518.8696350369892,0.0002869999734684825,ok,,,0.0
E5,Kaggle tsp_dataset,#861,80,Greedy,,777.5344271804464,0.0010879000183194876,ok,,,0.0
E5,Kaggle tsp_dataset,#862,41,Greedy,,609.0027647192106,0.00026490003801882267,ok,,,0.0
E5,Kaggle tsp_dataset,#863,89,Greedy,,831.4790614678885,0.0014171999646350741,ok,,,0.0
E5,Kaggle tsp_dataset,#864,85,Greedy,,813.4716663634665,0.001267499988898635,ok,,,0.0
E5,Kaggle tsp_dataset,#865,65,Greedy,,746.5864890616273,0.0006744000129401684,ok,,,0.0
E5,Kaggle tsp_dataset,#866,61,Greedy,,768.7388709127755,0.0006144000217318535,ok,,,0.0
E5,Kaggle tsp_dataset,#867,76,Greedy,,896.1555464984918,0.0009562999475747347,ok,,,0.0
E5,Kaggle tsp_dataset,#868,53,Greedy,,671.7436337484346,0.0004285000031813979,ok,,,0.0
E5,Kaggle tsp_dataset,#869,77,Greedy,,809.3993669930809,0.0009825000306591392,ok,,,0.0
E5,Kaggle tsp_dataset,#870,64,Greedy,,815.9084846311383,0.0006726999999955297,ok,,,0.0
E5,Kaggle tsp_dataset,#871,87,Greedy,,877.8281550177957,0.0013852000702172518,ok,,,0.0
E5,Kaggle tsp_dataset,#872,95,Greedy,,889.6644418037988,0.0017139000119641423,ok,,,0.0
E5,Kaggle tsp_dataset,#873,56,Greedy,,592.3379172878043,0.0004607998998835683,ok,,,0.0
E5,Kaggle tsp_dataset,#874,47,Greedy,,601.8630839806933,0.000341600039973855,ok,,,0.0
E5,Kaggle tsp_dataset,#875,20,Greedy,,381.91329187719936,6.720004603266716e-05,ok,,,0.0
E5,Kaggle tsp_dataset,#876,62,Greedy,,717.4600212089713,0.0005995000246912241,ok,,,0.0
E5,Kaggle tsp_dataset,#877,57,Greedy,,659.9406269455422,0.00048809999134391546,ok,,,0.0
E5,Kaggle tsp_dataset,#878,93,Greedy,,912.9031911545812,0.0018446999602019787,ok,,,0.0
E5,Kaggle tsp_dataset,#879,94,Greedy,,842.143153480865,0.0016356001142412424,ok,,,0.0
E5,Kaggle tsp_dataset,#880,90,Greedy,,833.1883493485113,0.0014853000175207853,ok,,,0.0
E5,Kaggle tsp_dataset,#881,56,Greedy,,615.9403657259143,0.0005049000028520823,ok,,,0.0
E5,Kaggle tsp_dataset,#882,86,Greedy,,879.2571457034946,0.001245599938556552,ok,,,0.0
E5,Kaggle tsp_dataset,#883,83,Greedy,,731.4491400775925,0.0010612999321892858,ok,,,0.0
E5,Kaggle tsp_dataset,#884,48,Greedy,,673.4983723031793,0.00036340008955448866,ok,,,0.0
E5,Kaggle tsp_dataset,#885,86,Greedy,,839.0688305378969,0.0014909000601619482,ok,,,0.0
E5,Kaggle tsp_dataset,#886,84,Greedy,,811.2762999624747,0.001089200028218329,ok,,,0.0
E5,Kaggle tsp_dataset,#887,61,Greedy,,669.0891105673344,0.0005652999971061945,ok,,,0.0
E5,Kaggle tsp_dataset,#888,49,Greedy,,646.4159876146515,0.00036539998836815357,ok,,,0.0
E5,Kaggle tsp_dataset,#889,49,Greedy,,621.8255897815037,0.00034630007576197386,ok,,,0.0
E5,Kaggle tsp_dataset,#890,53,Greedy,,687.4349784645318,0.0005504000000655651,ok,,,0.0
E5,Kaggle tsp_dataset,#891,75,Greedy,,880.7325547876717,0.0009082000469788909,ok,,,0.0
E5,Kaggle tsp_dataset,#892,41,Greedy,,616.2922796131897,0.0002509999321773648,ok,,,0.0
E5,Kaggle tsp_dataset,#893,64,Greedy,,741.1572119413636,0.0006534000858664513,ok,,,0.0
E5,Kaggle tsp_dataset,#894,87,Greedy,,819.1426561484946,0.0013047000393271446,ok,,,0.0
E5,Kaggle tsp_dataset,#895,62,Greedy,,730.0388529666211,0.0006028000498190522,ok,,,0.0
E5,Kaggle tsp_dataset,#896,23,Greedy,,543.934502471964,9.180000051856041e-05,ok,,,0.0
E5,Kaggle tsp_dataset,#897,100,Greedy,,964.2118498554003,0.0018445999594405293,ok,,,0.0
E5,Kaggle tsp_dataset,#898,31,Greedy,,519.2821794642506,0.0001487999688833952,ok,,,0.0
E5,Kaggle tsp_dataset,#899,20,Greedy,,422.8047271145739,6.65000407025218e-05,ok,,,0.0
E5,Kaggle tsp_dataset,#900,72,Greedy,,822.1555856192596,0.0008080999832600355,ok,,,0.0
E5,Kaggle tsp_dataset,#901,25,Greedy,,508.9241285553758,0.00010469998233020306,ok,,,0.0
E5,Kaggle tsp_dataset,#902,61,Greedy,,785.350400241668,0.0005791999865323305,ok,,,0.0
E5,Kaggle tsp_dataset,#903,91,Greedy,,861.321811608962,0.0015759000089019537,ok,,,0.0
E5,Kaggle tsp_dataset,#904,35,Greedy,,521.631870771429,0.0001778999576345086,ok,,,0.0
E5,Kaggle tsp_dataset,#905,54,Greedy,,673.7898542120106,0.00044049997813999653,ok,,,0.0
E5,Kaggle tsp_dataset,#906,56,Greedy,,746.8027767317533,0.00048280006740242243,ok,,,0.0
E5,Kaggle tsp_dataset,#907,44,Greedy,,643.3062645331547,0.00029200001154094934,ok,,,0.0
E5,Kaggle tsp_dataset,#908,39,Greedy,,526.0206028649919,0.0002202000468969345,ok,,,0.0
E5,Kaggle tsp_dataset,#909,29,Greedy,,550.6004835981513,0.00013130006846040487,ok,,,0.0
E5,Kaggle tsp_dataset,#910,94,Greedy,,896.6695681210617,0.0015388999599963427,ok,,,0.0
E5,Kaggle tsp_dataset,#911,61,Greedy,,696.9764370126164,0.0005620999727398157,ok,,,0.0
E5,Kaggle tsp_dataset,#912,58,Greedy,,772.9557086238638,0.0005245000356808305,ok,,,0.0
E5,Kaggle tsp_dataset,#913,81,Greedy,,799.2662722577653,0.001053999993018806,ok,,,0.0
E5,Kaggle tsp_dataset,#914,81,Greedy,,742.376610897155,0.001166400033980608,ok,,,0.0
E5,Kaggle tsp_dataset,#915,53,Greedy,,670.565979521045,0.0004467000253498554,ok,,,0.0
E5,Kaggle tsp_dataset,#916,75,Greedy,,838.4909094059108,0.0009470999939367175,ok,,,0.0
E5,Kaggle tsp_dataset,#917,88,Greedy,,853.4406259072325,0.001209600013680756,ok,,,0.0
E5,Kaggle tsp_dataset,#918,70,Greedy,,784.5028768977882,0.0008001999231055379,ok,,,0.0
E5,Kaggle tsp_dataset,#919,52,Greedy,,676.1208840291923,0.0004085999680683017,ok,,,0.0
E5,Kaggle tsp_dataset,#920,48,Greedy,,716.8165363218511,0.0003602999495342374,ok,,,0.0
E5,Kaggle tsp_dataset,#921,73,Greedy,,776.979365416477,0.0008462000405415893,ok,,,0.0
E5,Kaggle tsp_dataset,#922,86,Greedy,,852.2960968940295,0.0013536999467760324,ok,,,0.0
E5,Kaggle tsp_dataset,#923,69,Greedy,,827.7364460885178,0.0008052999619394541,ok,,,0.0
E5,Kaggle tsp_dataset,#924,88,Greedy,,873.8395767283056,0.0012718000216409564,ok,,,0.0
E5,Kaggle tsp_dataset,#925,28,Greedy,,526.368475584188,0.00013880000915378332,ok,,,0.0
E5,Kaggle tsp_dataset,#926,70,Greedy,,785.923162717832,0.0009083999320864677,ok,,,0.0
E5,Kaggle tsp_dataset,#927,37,Greedy,,642.4240968111501,0.000215600011870265,ok,,,0.0
E5,Kaggle tsp_dataset,#928,77,Greedy,,803.6178683265176,0.0010095000034198165,ok,,,0.0
E5,Kaggle tsp_dataset,#929,53,Greedy,,772.8383744226278,0.00046669994480907917,ok,,,0.0
E5,Kaggle tsp_dataset,#930,94,Greedy,,857.8850838799179,0.0018119000596925616,ok,,,0.0
E5,Kaggle tsp_dataset,#931,88,Greedy,,939.2830150549487,0.0013605999993160367,ok,,,0.0
E5,Kaggle tsp_dataset,#932,50,Greedy,,640.3353171219728,0.00037080002948641777,ok,,,0.0
E5,Kaggle tsp_dataset,#933,90,Greedy,,919.8479227608753,0.0020295000867918134,ok,,,0.0
E5,Kaggle tsp_dataset,#934,33,Greedy,,488.98453367215734,0.00021660001948475838,ok,,,0.0
E5,Kaggle tsp_dataset,#935,69,Greedy,,691.9278834774608,0.0007599999662488699,ok,,,0.0
E5,Kaggle tsp_dataset,#936,97,Greedy,,876.3795791833755,0.0017926000291481614,ok,,,0.0
E5,Kaggle tsp_dataset,#937,79,Greedy,,730.8757264553668,0.0009684000397101045,ok,,,0.0
E5,Kaggle tsp_dataset,#938,90,Greedy,,907.3716660622978,0.0015625000232830644,ok,,,0.0
E5,Kaggle tsp_dataset,#939,63,Greedy,,769.5105831866418,0.0006647000554949045,ok,,,0.0
E5,Kaggle tsp_dataset,#940,31,Greedy,,594.6318462364264,0.00015940004959702492,ok,,,0.0
E5,Kaggle tsp_dataset,#941,53,Greedy,,641.641023630146,0.000458399998024106,ok,,,0.0
E5,Kaggle tsp_dataset,#942,88,Greedy,,885.6422800823113,0.0012998000020161271,ok,,,0.0
E5,Kaggle tsp_dataset,#943,25,Greedy,,397.64577397208274,0.00010529998689889908,ok,,,0.0
E5,Kaggle tsp_dataset,#944,70,Greedy,,789.0827621379913,0.0008076000958681107,ok,,,0.0
E5,Kaggle tsp_dataset,#945,63,Greedy,,724.5381065378484,0.0009367000311613083,ok,,,0.0
E5,Kaggle tsp_dataset,#946,100,Greedy,,847.2328316139382,0.0020393000449985266,ok,,,0.0
E5,Kaggle tsp_dataset,#947,75,Greedy,,846.5630253156103,0.0009410999482497573,ok,,,0.0
E5,Kaggle tsp_dataset,#948,54,Greedy,,712.6996115138188,0.00048749998677521944,ok,,,0.0
E5,Kaggle tsp_dataset,#949,45,Greedy,,670.7549554019214,0.0003282000543549657,ok,,,0.0
E5,Kaggle tsp_dataset,#950,52,Greedy,,695.5543303289669,0.000435899943113327,ok,,,0.0
E5,Kaggle tsp_dataset,#951,67,Greedy,,742.1612606344966,0.0007123000686988235,ok,,,0.0
E5,Kaggle tsp_dataset,#952,28,Greedy,,421.1122211292524,0.00012169999536126852,ok,,,0.0
E5,Kaggle tsp_dataset,#953,56,Greedy,,765.6947352760494,0.0005168000934645534,ok,,,0.0
E5,Kaggle tsp_dataset,#954,94,Greedy,,898.9998361532735,0.0016901000635698438,ok,,,0.0
E5,Kaggle tsp_dataset,#955,32,Greedy,,473.67613966981656,0.00016679998952895403,ok,,,0.0
E5,Kaggle tsp_dataset,#956,41,Greedy,,659.26615898866,0.0002584999892860651,ok,,,0.0
E5,Kaggle tsp_dataset,#957,86,Greedy,,856.8154748260483,0.001259000040590763,ok,,,0.0
E5,Kaggle tsp_dataset,#958,56,Greedy,,681.5968409571279,0.0007014999864622951,ok,,,0.0
E5,Kaggle tsp_dataset,#959,86,Greedy,,794.1768928057631,0.0012044000905007124,ok,,,0.0
E5,Kaggle tsp_dataset,#960,37,Greedy,,608.4351389841456,0.0002204999327659607,ok,,,0.0
E5,Kaggle tsp_dataset,#961,33,Greedy,,633.8518823759443,0.0001778000732883811,ok,,,0.0
E5,Kaggle tsp_dataset,#962,81,Greedy,,861.105481951951,0.0011162000009790063,ok,,,0.0
E5,Kaggle tsp_dataset,#963,92,Greedy,,859.7384191539749,0.0016349999932572246,ok,,,0.0
E5,Kaggle tsp_dataset,#964,45,Greedy,,553.4945119153114,0.00029589992482215166,ok,,,0.0
E5,Kaggle tsp_dataset,#965,94,Greedy,,829.243314370769,0.0016209000023081899,ok,,,0.0
E5,Kaggle tsp_dataset,#966,39,Greedy,,569.217850308472,0.0002505999291315675,ok,,,0.0
E5,Kaggle tsp_dataset,#967,81,Greedy,,930.6418697548115,0.0011425999691709876,ok,,,0.0
E5,Kaggle tsp_dataset,#968,77,Greedy,,840.5902604087884,0.0009439999703317881,ok,,,0.0
E5,Kaggle tsp_dataset,#969,52,Greedy,,689.9470544283806,0.00042070006020367146,ok,,,0.0
E5,Kaggle tsp_dataset,#970,69,Greedy,,817.7280338921054,0.0007856999291107059,ok,,,0.0
E5,Kaggle tsp_dataset,#971,63,Greedy,,724.1967908340818,0.0005972998915240169,ok,,,0.0
E5,Kaggle tsp_dataset,#972,69,Greedy,,829.5868507068275,0.000739299925044179,ok,,,0.0
E5,Kaggle tsp_dataset,#973,84,Greedy,,820.2445212945847,0.0011174000101163983,ok,,,0.0
E5,Kaggle tsp_dataset,#974,28,Greedy,,398.2796003754005,0.00012370001059025526,ok,,,0.0
E5,Kaggle tsp_dataset,#975,60,Greedy,,729.2769503568525,0.0005954999942332506,ok,,,0.0
E5,Kaggle tsp_dataset,#976,71,Greedy,,846.7001850602168,0.0008466000435873866,ok,,,0.0
E5,Kaggle tsp_dataset,#977,57,Greedy,,871.0776911955691,0.0005423999391496181,ok,,,0.0
E5,Kaggle tsp_dataset,#978,33,Greedy,,619.6360833154318,0.00017490005120635033,ok,,,0.0
E5,Kaggle tsp_dataset,#979,61,Greedy,,811.0456229197575,0.0006062999600544572,ok,,,0.0
E5,Kaggle tsp_dataset,#980,54,Greedy,,694.6509481499623,0.00046630005817860365,ok,,,0.0
E5,Kaggle tsp_dataset,#981,72,Greedy,,662.9200649269752,0.000784300034865737,ok,,,0.0
E5,Kaggle tsp_dataset,#982,52,Greedy,,758.6295319275051,0.00045679998584091663,ok,,,0.0
E5,Kaggle tsp_dataset,#983,50,Greedy,,695.810390678459,0.00040309992618858814,ok,,,0.0
E5,Kaggle tsp_dataset,#984,83,Greedy,,844.6178547496602,0.001145999995060265,ok,,,0.0
E5,Kaggle tsp_dataset,#985,64,Greedy,,736.0675603030519,0.0006349000614136457,ok,,,0.0
E5,Kaggle tsp_dataset,#986,43,Greedy,,569.8058127746007,0.00027219997718930244,ok,,,0.0
E5,Kaggle tsp_dataset,#987,65,Greedy,,705.5294324676773,0.0006427000043913722,ok,,,0.0
E5,Kaggle tsp_dataset,#988,57,Greedy,,764.4436284682162,0.0005314999725669622,ok,,,0.0
E5,Kaggle tsp_dataset,#989,46,Greedy,,715.1908206664439,0.00034169992431998253,ok,,,0.0
E5,Kaggle tsp_dataset,#990,44,Greedy,,664.4628234834489,0.00028819998260587454,ok,,,0.0
E5,Kaggle tsp_dataset,#991,87,Greedy,,829.3766627651938,0.0013047000393271446,ok,,,0.0
E5,Kaggle tsp_dataset,#992,20,Greedy,,469.5454725760949,7.16999638825655e-05,ok,,,0.0
E5,Kaggle tsp_dataset,#993,77,Greedy,,796.0508631887038,0.000991899985820055,ok,,,0.0
E5,Kaggle tsp_dataset,#994,26,Greedy,,452.29491509639956,0.00010639999527484179,ok,,,0.0
E5,Kaggle tsp_dataset,#995,22,Greedy,,376.78876264870206,7.840001489967108e-05,ok,,,0.0
E5,Kaggle tsp_dataset,#996,69,Greedy,,769.6277411261024,0.0008270000107586384,ok,,,0.0
E5,Kaggle tsp_dataset,#997,43,Greedy,,603.890884784351,0.0002704000798985362,ok,,,0.0
E5,Kaggle tsp_dataset,#998,87,Greedy,,918.9890998756317,0.0012760000536218286,ok,,,0.0
E5,Kaggle tsp_dataset,#999,40,Greedy,,560.7625665579268,0.00023749994579702616,ok,,,0.0
E5,Kaggle tsp_dataset,#1000,51,Greedy,,643.4870595607833,0.0003983000060543418,ok,,,0.0
E5,Kaggle tsp_dataset,#1001,59,Greedy,,682.5302263700917,0.0005643999902531505,ok,,,0.0
E5,Kaggle tsp_dataset,#1002,58,Greedy,,684.4441194410188,0.0005007999716326594,ok,,,0.0
E5,Kaggle tsp_dataset,#1003,24,Greedy,,515.6909127058726,0.00015320000238716602,ok,,,0.0
E5,Kaggle tsp_dataset,#1004,78,Greedy,,839.0925037356733,0.0010673999786376953,ok,,,0.0
E5,Kaggle tsp_dataset,#1005,20,Greedy,,389.3485849726478,6.949994713068008e-05,ok,,,0.0
E5,Kaggle tsp_dataset,#1006,45,Greedy,,690.6067487264754,0.00036449998151510954,ok,,,0.0
E5,Kaggle tsp_dataset,#1007,34,Greedy,,611.7841247398718,0.0001802999759092927,ok,,,0.0
E5,Kaggle tsp_dataset,#1008,93,Greedy,,968.9360945984314,0.0017445000121369958,ok,,,0.0
E5,Kaggle tsp_dataset,#1009,99,Greedy,,936.8672330344946,0.001873200060799718,ok,,,0.0
E5,Kaggle tsp_dataset,#1010,22,Greedy,,571.5592181547789,8.850009180605412e-05,ok,,,0.0
E5,Kaggle tsp_dataset,#1011,67,Greedy,,725.5832377227064,0.000697100069373846,ok,,,0.0
E5,Kaggle tsp_dataset,#1012,39,Greedy,,577.3184900026635,0.00024319998919963837,ok,,,0.0
E5,Kaggle tsp_dataset,#1013,94,Greedy,,872.9238212448781,0.0017398999771103263,ok,,,0.0
E5,Kaggle tsp_dataset,#1014,29,Greedy,,522.7646671557904,0.00014000001829117537,ok,,,0.0
E5,Kaggle tsp_dataset,#1015,38,Greedy,,610.6887799131557,0.0002183000324293971,ok,,,0.0
E5,Kaggle tsp_dataset,#1016,34,Greedy,,611.8418060784218,0.0001860000193119049,ok,,,0.0
E5,Kaggle tsp_dataset,#1017,42,Greedy,,577.1375046136213,0.00027550000231713057,ok,,,0.0
E5,Kaggle tsp_dataset,#1018,42,Greedy,,605.2445472953888,0.00026350002735853195,ok,,,0.0
E5,Kaggle tsp_dataset,#1019,97,Greedy,,915.8391607371865,0.00313810002990067,ok,,,0.0
E5,Kaggle tsp_dataset,#1020,92,Greedy,,918.505939523339,0.0020930999889969826,ok,,,0.0
E5,Kaggle tsp_dataset,#1021,30,Greedy,,414.76359347095007,0.000157299917191267,ok,,,0.0
E5,Kaggle tsp_dataset,#1022,64,Greedy,,733.6758232734758,0.0008566000033169985,ok,,,0.0
E5,Kaggle tsp_dataset,#1023,88,Greedy,,913.793724941498,0.001396500039845705,ok,,,0.0
E5,Kaggle tsp_dataset,#1024,98,Greedy,,925.5869119413569,0.001886800047941506,ok,,,0.0
E5,Kaggle tsp_dataset,#1025,55,Greedy,,691.5782100422797,0.0005336001049727201,ok,,,0.0
E5,Kaggle tsp_dataset,#1026,58,Greedy,,715.5922467933732,0.0005234000273048878,ok,,,0.0
E5,Kaggle tsp_dataset,#1027,20,Greedy,,443.277467389289,7.539999205619097e-05,ok,,,0.0
E5,Kaggle tsp_dataset,#1028,88,Greedy,,789.4088093950719,0.0014482999686151743,ok,,,0.0
E5,Kaggle tsp_dataset,#1029,83,Greedy,,934.7997422782507,0.001156899961642921,ok,,,0.0
E5,Kaggle tsp_dataset,#1030,73,Greedy,,828.8404419057066,0.0009321999968960881,ok,,,0.0
E5,Kaggle tsp_dataset,#1031,71,Greedy,,836.775080875726,0.0008583000162616372,ok,,,0.0
E5,Kaggle tsp_dataset,#1032,23,Greedy,,438.5018618222079,8.60999571159482e-05,ok,,,0.0
E5,Kaggle tsp_dataset,#1033,37,Greedy,,626.267982357953,0.00021679990459233522,ok,,,0.0
E5,Kaggle tsp_dataset,#1034,27,Greedy,,438.54552293191546,0.00011279992759227753,ok,,,0.0
E5,Kaggle tsp_dataset,#1035,32,Greedy,,502.3548902415746,0.0001556000206619501,ok,,,0.0
E5,Kaggle tsp_dataset,#1036,89,Greedy,,875.5786559160783,0.0014955999795347452,ok,,,0.0
E5,Kaggle tsp_dataset,#1037,64,Greedy,,727.0732025465513,0.0007107000565156341,ok,,,0.0
E5,Kaggle tsp_dataset,#1038,88,Greedy,,819.5123743789604,0.0013013000134378672,ok,,,0.0
E5,Kaggle tsp_dataset,#1039,39,Greedy,,693.4212481824393,0.00025509996339678764,ok,,,0.0
E5,Kaggle tsp_dataset,#1040,98,Greedy,,890.1533185010555,0.0019426000071689487,ok,,,0.0
E5,Kaggle tsp_dataset,#1041,65,Greedy,,763.1211133934308,0.0006634000455960631,ok,,,0.0
E5,Kaggle tsp_dataset,#1042,100,Greedy,,918.7437877415656,0.0018681999063119292,ok,,,0.0
E5,Kaggle tsp_dataset,#1043,31,Greedy,,510.32502271465404,0.0001503999810665846,ok,,,0.0
E5,Kaggle tsp_dataset,#1044,92,Greedy,,926.8813837040823,0.0016165999695658684,ok,,,0.0
E5,Kaggle tsp_dataset,#1045,49,Greedy,,584.383578010504,0.000354000017978251,ok,,,0.0
E5,Kaggle tsp_dataset,#1046,23,Greedy,,498.8591448167604,9.109999518841505e-05,ok,,,0.0
E5,Kaggle tsp_dataset,#1047,52,Greedy,,582.1431696899987,0.0004094999749213457,ok,,,0.0
E5,Kaggle tsp_dataset,#1048,23,Greedy,,528.3137258887449,8.910009637475014e-05,ok,,,0.0
E5,Kaggle tsp_dataset,#1049,43,Greedy,,557.4919175167424,0.0002796999178826809,ok,,,0.0
E5,Kaggle tsp_dataset,#1050,26,Greedy,,554.5561046692374,0.00011429993901401758,ok,,,0.0
E5,Kaggle tsp_dataset,#1051,73,Greedy,,789.6914894789545,0.0008501000702381134,ok,,,0.0
E5,Kaggle tsp_dataset,#1052,75,Greedy,,726.9705206886512,0.0009698999347165227,ok,,,0.0
E5,Kaggle tsp_dataset,#1053,75,Greedy,,834.9342459992058,0.0009751999750733376,ok,,,0.0
E5,Kaggle tsp_dataset,#1054,39,Greedy,,569.4389266439051,0.00023340003099292517,ok,,,0.0
E5,Kaggle tsp_dataset,#1055,54,Greedy,,736.3680106223601,0.00044410000555217266,ok,,,0.0
E5,Kaggle tsp_dataset,#1056,52,Greedy,,690.906462011098,0.0004132000030949712,ok,,,0.0
E5,Kaggle tsp_dataset,#1057,100,Greedy,,945.0242942008406,0.0018625999800860882,ok,,,0.0
E5,Kaggle tsp_dataset,#1058,73,Greedy,,830.7501936917969,0.0009305999847128987,ok,,,0.0
E5,Kaggle tsp_dataset,#1059,68,Greedy,,764.2337585036056,0.0007643999997526407,ok,,,0.0
E5,Kaggle tsp_dataset,#1060,26,Greedy,,613.6043578570403,0.00011809996794909239,ok,,,0.0
E5,Kaggle tsp_dataset,#1061,24,Greedy,,379.6706064728223,9.200000204145908e-05,ok,,,0.0
E5,Kaggle tsp_dataset,#1062,86,Greedy,,903.0350138042182,0.0012208999833092093,ok,,,0.0
E5,Kaggle tsp_dataset,#1063,63,Greedy,,671.6264603946183,0.0006485999329015613,ok,,,0.0
E5,Kaggle tsp_dataset,#1064,33,Greedy,,490.5526435755674,0.0001580000389367342,ok,,,0.0
E5,Kaggle tsp_dataset,#1065,31,Greedy,,442.49559490794167,0.00014730007387697697,ok,,,0.0
E5,Kaggle tsp_dataset,#1066,67,Greedy,,751.8852049132717,0.0007025999948382378,ok,,,0.0
E5,Kaggle tsp_dataset,#1067,47,Greedy,,699.0190317005203,0.00035930005833506584,ok,,,0.0
E5,Kaggle tsp_dataset,#1068,85,Greedy,,846.4894962824234,0.0012148000532761216,ok,,,0.0
E5,Kaggle tsp_dataset,#1069,34,Greedy,,532.482664177043,0.00017420004587620497,ok,,,0.0
E5,Kaggle tsp_dataset,#1070,60,Greedy,,703.2075594773637,0.0005746999522671103,ok,,,0.0
E5,Kaggle tsp_dataset,#1071,94,Greedy,,889.5206649742486,0.0017098999815061688,ok,,,0.0
E5,Kaggle tsp_dataset,#1072,47,Greedy,,706.3038142566426,0.0003591999411582947,ok,,,0.0
E5,Kaggle tsp_dataset,#1073,46,Greedy,,671.6471715746491,0.00033169996459037066,ok,,,0.0
E5,Kaggle tsp_dataset,#1074,30,Greedy,,481.0741321860372,0.00014999997802078724,ok,,,0.0
E5,Kaggle tsp_dataset,#1075,43,Greedy,,660.4582624301329,0.0002808000426739454,ok,,,0.0
E5,Kaggle tsp_dataset,#1076,76,Greedy,,765.273265625638,0.0008778000483289361,ok,,,0.0
E5,Kaggle tsp_dataset,#1077,39,Greedy,,551.8979617394376,0.00023100001271814108,ok,,,0.0
E5,Kaggle tsp_dataset,#1078,51,Greedy,,618.1118192375495,0.00037699996028095484,ok,,,0.0
E5,Kaggle tsp_dataset,#1079,49,Greedy,,721.8407757921912,0.00036869989708065987,ok,,,0.0
E5,Kaggle tsp_dataset,#1080,68,Greedy,,825.5962107563582,0.0007457999745383859,ok,,,0.0
E5,Kaggle tsp_dataset,#1081,71,Greedy,,793.4821238252232,0.0008955999510362744,ok,,,0.0
E5,Kaggle tsp_dataset,#1082,70,Greedy,,771.2595624599751,0.0007872999412938952,ok,,,0.0
E5,Kaggle tsp_dataset,#1083,32,Greedy,,527.2215063389059,0.00015849992632865906,ok,,,0.0
E5,Kaggle tsp_dataset,#1084,55,Greedy,,682.8652779293857,0.0004697999684140086,ok,,,0.0
E5,Kaggle tsp_dataset,#1085,32,Greedy,,629.6670025919892,0.00016830000095069408,ok,,,0.0
E5,Kaggle tsp_dataset,#1086,85,Greedy,,852.9728890390069,0.0011470000026747584,ok,,,0.0
E5,Kaggle tsp_dataset,#1087,69,Greedy,,817.8330405302439,0.0007930999854579568,ok,,,0.0
E5,Kaggle tsp_dataset,#1088,61,Greedy,,737.6441050300571,0.0005855000345036387,ok,,,0.0
E5,Kaggle tsp_dataset,#1089,26,Greedy,,516.2307424918719,0.00010870001278817654,ok,,,0.0
E5,Kaggle tsp_dataset,#1090,54,Greedy,,581.3524163166297,0.0004197999369353056,ok,,,0.0
E5,Kaggle tsp_dataset,#1091,37,Greedy,,616.3319598319182,0.00021760002709925175,ok,,,0.0
E5,Kaggle tsp_dataset,#1092,38,Greedy,,585.1977856316142,0.00021269998978823423,ok,,,0.0
E5,Kaggle tsp_dataset,#1093,80,Greedy,,769.7293913797234,0.000985100050456822,ok,,,0.0
E5,Kaggle tsp_dataset,#1094,98,Greedy,,871.585426329857,0.0018909999635070562,ok,,,0.0
E5,Kaggle tsp_dataset,#1095,52,Greedy,,679.952006748414,0.00041550002060830593,ok,,,0.0
E5,Kaggle tsp_dataset,#1096,92,Greedy,,907.5325418898537,0.001686600036919117,ok,,,0.0
E5,Kaggle tsp_dataset,#1097,37,Greedy,,597.3970140681503,0.00020730006508529186,ok,,,0.0
E5,Kaggle tsp_dataset,#1098,43,Greedy,,692.4551407972804,0.00029669993091374636,ok,,,0.0
E5,Kaggle tsp_dataset,#1099,70,Greedy,,756.6473320035183,0.0008092999923974276,ok,,,0.0
E5,Kaggle tsp_dataset,#1100,36,Greedy,,499.19148314079007,0.0001919000642374158,ok,,,0.0
E5,Kaggle tsp_dataset,#1101,88,Greedy,,774.7822711979017,0.0012607999378815293,ok,,,0.0
E5,Kaggle tsp_dataset,#1102,75,Greedy,,803.8457838214337,0.0008974999655038118,ok,,,0.0
E5,Kaggle tsp_dataset,#1103,79,Greedy,,836.1787409938638,0.0010231999913230538,ok,,,0.0
E5,Kaggle tsp_dataset,#1104,82,Greedy,,891.3587139449317,0.001093400060199201,ok,,,0.0
E5,Kaggle tsp_dataset,#1105,51,Greedy,,693.4706079883192,0.0005250000394880772,ok,,,0.0
E5,Kaggle tsp_dataset,#1106,54,Greedy,,676.2945399399352,0.0004301000153645873,ok,,,0.0
E5,Kaggle tsp_dataset,#1107,90,Greedy,,838.6048228254466,0.0014558000257238746,ok,,,0.0
E5,Kaggle tsp_dataset,#1108,37,Greedy,,595.6302659872283,0.0003135999431833625,ok,,,0.0
E5,Kaggle tsp_dataset,#1109,27,Greedy,,571.2147812519964,0.00011999998241662979,ok,,,0.0
E5,Kaggle tsp_dataset,#1110,57,Greedy,,714.8746007692837,0.0005201000021770597,ok,,,0.0
E5,Kaggle tsp_dataset,#1111,41,Greedy,,640.0849807663083,0.0002598999999463558,ok,,,0.0
E5,Kaggle tsp_dataset,#1112,44,Greedy,,558.1629832479941,0.0002785000251606107,ok,,,0.0
E5,Kaggle tsp_dataset,#1113,32,Greedy,,467.5486585268033,0.000152299995534122,ok,,,0.0
E5,Kaggle tsp_dataset,#1114,87,Greedy,,868.0746662929016,0.0012038999702781439,ok,,,0.0
E5,Kaggle tsp_dataset,#1115,53,Greedy,,678.4798940478915,0.00044810003601014614,ok,,,0.0
E5,Kaggle tsp_dataset,#1116,86,Greedy,,800.4033036965218,0.0012802999699488282,ok,,,0.0
E5,Kaggle tsp_dataset,#1117,21,Greedy,,423.08170397925096,7.840001489967108e-05,ok,,,0.0
E5,Kaggle tsp_dataset,#1118,66,Greedy,,759.0486885033367,0.0007053000153973699,ok,,,0.0
E5,Kaggle tsp_dataset,#1119,70,Greedy,,771.7634319024532,0.0007552000461146235,ok,,,0.0
E5,Kaggle tsp_dataset,#1120,66,Greedy,,805.8987237927711,0.0006800000555813313,ok,,,0.0
E5,Kaggle tsp_dataset,#1121,53,Greedy,,590.3179877557337,0.00040170003194361925,ok,,,0.0
E5,Kaggle tsp_dataset,#1122,69,Greedy,,731.5406769943436,0.0007533000316470861,ok,,,0.0
E5,Kaggle tsp_dataset,#1123,30,Greedy,,565.7374682851186,0.00018869992345571518,ok,,,0.0
E5,Kaggle tsp_dataset,#1124,75,Greedy,,770.474089343229,0.001129399985074997,ok,,,0.0
E5,Kaggle tsp_dataset,#1125,86,Greedy,,847.541436402174,0.0012881000293418765,ok,,,0.0
E5,Kaggle tsp_dataset,#1126,61,Greedy,,669.1904082301418,0.000651499954983592,ok,,,0.0
E5,Kaggle tsp_dataset,#1127,81,Greedy,,793.5700538178291,0.0011411000741645694,ok,,,0.0
E5,Kaggle tsp_dataset,#1128,43,Greedy,,557.7102182988589,0.0002978000557050109,ok,,,0.0
E5,Kaggle tsp_dataset,#1129,77,Greedy,,902.0661991254334,0.0011602999875321984,ok,,,0.0
E5,Kaggle tsp_dataset,#1130,34,Greedy,,607.4150869468752,0.00019470008555799723,ok,,,0.0
E5,Kaggle tsp_dataset,#1131,91,Greedy,,899.2145274362479,0.0016316999681293964,ok,,,0.0
E5,Kaggle tsp_dataset,#1132,63,Greedy,,750.7008067019119,0.000659500015899539,ok,,,0.0
E5,Kaggle tsp_dataset,#1133,37,Greedy,,457.73104186063205,0.0013049000408500433,ok,,,0.0
E5,Kaggle tsp_dataset,#1134,69,Greedy,,834.4965119215348,0.0008833999745547771,ok,,,0.0
E5,Kaggle tsp_dataset,#1135,97,Greedy,,848.3321064362148,0.0019056000746786594,ok,,,0.0
E5,Kaggle tsp_dataset,#1136,81,Greedy,,875.6527492359488,0.001179100014269352,ok,,,0.0
E5,Kaggle tsp_dataset,#1137,30,Greedy,,584.9480707333224,0.00014640006702393293,ok,,,0.0
E5,Kaggle tsp_dataset,#1138,62,Greedy,,733.0466907010347,0.0006117000011727214,ok,,,0.0
E5,Kaggle tsp_dataset,#1139,27,Greedy,,540.2806563324906,0.00011959997937083244,ok,,,0.0
E5,Kaggle tsp_dataset,#1140,58,Greedy,,652.0280155924698,0.0005255000432953238,ok,,,0.0
E5,Kaggle tsp_dataset,#1141,25,Greedy,,403.4885299630712,0.00010030006524175406,ok,,,0.0
E5,Kaggle tsp_dataset,#1142,73,Greedy,,732.3253633077383,0.0009169999975711107,ok,,,0.0
E5,Kaggle tsp_dataset,#1143,47,Greedy,,623.4923086132686,0.00033459998667240143,ok,,,0.0
E5,Kaggle tsp_dataset,#1144,68,Greedy,,793.3716748804966,0.0007875999435782433,ok,,,0.0
E5,Kaggle tsp_dataset,#1145,85,Greedy,,924.0209190072881,0.0012151000555604696,ok,,,0.0
E5,Kaggle tsp_dataset,#1146,77,Greedy,,770.3759028072817,0.0009731000754982233,ok,,,0.0
E5,Kaggle tsp_dataset,#1147,40,Greedy,,608.8833124030524,0.0002492000348865986,ok,,,0.0
E5,Kaggle tsp_dataset,#1148,92,Greedy,,860.2954822140966,0.0016744999447837472,ok,,,0.0
E5,Kaggle tsp_dataset,#1149,85,Greedy,,868.4250487112383,0.0012294999323785305,ok,,,0.0
E5,Kaggle tsp_dataset,#1150,24,Greedy,,461.78719013743404,0.00010009994730353355,ok,,,0.0
E5,Kaggle tsp_dataset,#1151,79,Greedy,,867.6032995184729,0.0010182999540120363,ok,,,0.0
E5,Kaggle tsp_dataset,#1152,53,Greedy,,727.8126208108856,0.00048459996469318867,ok,,,0.0
E5,Kaggle tsp_dataset,#1153,92,Greedy,,948.4054266602024,0.0021877000108361244,ok,,,0.0
E5,Kaggle tsp_dataset,#1154,42,Greedy,,555.7191477891654,0.000273600104264915,ok,,,0.0
E5,Kaggle tsp_dataset,#1155,62,Greedy,,688.8311951594724,0.0005999000277370214,ok,,,0.0
E5,Kaggle tsp_dataset,#1156,86,Greedy,,914.9744149521657,0.0013113999739289284,ok,,,0.0
E5,Kaggle tsp_dataset,#1157,98,Greedy,,871.2811622862318,0.0018618999747559428,ok,,,0.0
E5,Kaggle tsp_dataset,#1158,23,Greedy,,415.26066662783694,9.360001422464848e-05,ok,,,0.0
E5,Kaggle tsp_dataset,#1159,70,Greedy,,828.9093188425446,0.0008397999918088317,ok,,,0.0
E5,Kaggle tsp_dataset,#1160,36,Greedy,,647.4965737463027,0.00021590001415461302,ok,,,0.0
E5,Kaggle tsp_dataset,#1161,98,Greedy,,950.9775424805804,0.001965399947948754,ok,,,0.0
E5,Kaggle tsp_dataset,#1162,95,Greedy,,840.2251297455114,0.0017272999975830317,ok,,,0.0
E5,Kaggle tsp_dataset,#1163,68,Greedy,,795.7061096001312,0.0008317999308928847,ok,,,0.0
E5,Kaggle tsp_dataset,#1164,67,Greedy,,709.9881717769284,0.0007307999767363071,ok,,,0.0
E5,Kaggle tsp_dataset,#1165,91,Greedy,,896.1599470685558,0.0015344999264925718,ok,,,0.0
E5,Kaggle tsp_dataset,#1166,54,Greedy,,592.7240718963034,0.00044679990969598293,ok,,,0.0
E5,Kaggle tsp_dataset,#1167,46,Greedy,,639.9577275151418,0.0003309999592602253,ok,,,0.0
E5,Kaggle tsp_dataset,#1168,22,Greedy,,348.52441280368095,8.159992285072803e-05,ok,,,0.0
E5,Kaggle tsp_dataset,#1169,72,Greedy,,733.3418747454843,0.000849400064907968,ok,,,0.0
E5,Kaggle tsp_dataset,#1170,57,Greedy,,675.5389010798904,0.0004987999564036727,ok,,,0.0
E5,Kaggle tsp_dataset,#1171,43,Greedy,,594.670271083149,0.00027810002211481333,ok,,,0.0
E5,Kaggle tsp_dataset,#1172,49,Greedy,,748.2037502085054,0.0003632999723777175,ok,,,0.0
E5,Kaggle tsp_dataset,#1173,63,Greedy,,785.5197648322531,0.0006388999754562974,ok,,,0.0
E5,Kaggle tsp_dataset,#1174,46,Greedy,,672.2549181875731,0.00036890001501888037,ok,,,0.0
E5,Kaggle tsp_dataset,#1175,81,Greedy,,823.9839053759072,0.0011493000201880932,ok,,,0.0
E5,Kaggle tsp_dataset,#1176,89,Greedy,,847.3740224583379,0.0014383000088855624,ok,,,0.0
E5,Kaggle tsp_dataset,#1177,49,Greedy,,719.903264476972,0.0003611000720411539,ok,,,0.0
E5,Kaggle tsp_dataset,#1178,56,Greedy,,636.2633048330338,0.0004705999745056033,ok,,,0.0
E5,Kaggle tsp_dataset,#1179,25,Greedy,,423.94348603308634,0.00010029994882643223,ok,,,0.0
E5,Kaggle tsp_dataset,#1180,67,Greedy,,781.3997092981067,0.0007393000414595008,ok,,,0.0
E5,Kaggle tsp_dataset,#1181,24,Greedy,,409.15946789082096,9.539991151541471e-05,ok,,,0.0
E5,Kaggle tsp_dataset,#1182,28,Greedy,,408.2330988840144,0.0001175999641418457,ok,,,0.0
E5,Kaggle tsp_dataset,#1183,34,Greedy,,521.5601263985137,0.00017250003293156624,ok,,,0.0
E5,Kaggle tsp_dataset,#1184,40,Greedy,,658.8555651691366,0.0002543999580666423,ok,,,0.0
E5,Kaggle tsp_dataset,#1185,50,Greedy,,668.3873123166452,0.0003918000729754567,ok,,,0.0
E5,Kaggle tsp_dataset,#1186,37,Greedy,,600.9603631725289,0.00021139997988939285,ok,,,0.0
E5,Kaggle tsp_dataset,#1187,86,Greedy,,841.4464655335075,0.0011885999701917171,ok,,,0.0
E5,Kaggle tsp_dataset,#1188,72,Greedy,,847.1117428396817,0.0008755000308156013,ok,,,0.0
E5,Kaggle tsp_dataset,#1189,95,Greedy,,910.4471018091242,0.0019228000892326236,ok,,,0.0
E5,Kaggle tsp_dataset,#1190,85,Greedy,,791.4758984150376,0.0011300999904051423,ok,,,0.0
E5,Kaggle tsp_dataset,#1191,30,Greedy,,474.41159550484286,0.00015079998411238194,ok,,,0.0
E5,Kaggle tsp_dataset,#1192,28,Greedy,,484.9665564402066,0.00011939997784793377,ok,,,0.0
E5,Kaggle tsp_dataset,#1193,62,Greedy,,695.6372961520328,0.0007578000659123063,ok,,,0.0
E5,Kaggle tsp_dataset,#1194,48,Greedy,,612.8142631406055,0.00034959998447448015,ok,,,0.0
E5,Kaggle tsp_dataset,#1195,86,Greedy,,957.5657044850506,0.0013566999696195126,ok,,,0.0
E5,Kaggle tsp_dataset,#1196,46,Greedy,,685.3006894491815,0.0003367000026628375,ok,,,0.0
E5,Kaggle tsp_dataset,#1197,100,Greedy,,951.7087697870372,0.0019844999769702554,ok,,,0.0
E5,Kaggle tsp_dataset,#1198,65,Greedy,,680.7737790553421,0.0006514000706374645,ok,,,0.0
E5,Kaggle tsp_dataset,#1199,69,Greedy,,836.9424154717293,0.0007787999929860234,ok,,,0.0
E5,Kaggle tsp_dataset,#1200,31,Greedy,,468.6834649165472,0.00014629994984716177,ok,,,0.0
E5,Kaggle tsp_dataset,#1201,27,Greedy,,472.67647856790177,0.00011709996033459902,ok,,,0.0
E5,Kaggle tsp_dataset,#1202,68,Greedy,,772.0657675778209,0.0007210000185295939,ok,,,0.0
E5,Kaggle tsp_dataset,#1203,51,Greedy,,637.449613065079,0.0003915000706911087,ok,,,0.0
E5,Kaggle tsp_dataset,#1204,63,Greedy,,727.9619148510257,0.0006893000099807978,ok,,,0.0
E5,Kaggle tsp_dataset,#1205,32,Greedy,,559.5493776981717,0.0001604000572115183,ok,,,0.0
E5,Kaggle tsp_dataset,#1206,89,Greedy,,879.7934533391966,0.0015122999902814627,ok,,,0.0
E5,Kaggle tsp_dataset,#1207,40,Greedy,,635.9346694581917,0.00024179997853934765,ok,,,0.0
E5,Kaggle tsp_dataset,#1208,57,Greedy,,787.9334703695096,0.0005228000227361917,ok,,,0.0
E5,Kaggle tsp_dataset,#1209,70,Greedy,,730.9170908857063,0.0008003000402823091,ok,,,0.0
E5,Kaggle tsp_dataset,#1210,49,Greedy,,684.0673488134187,0.0003693000180646777,ok,,,0.0
E5,Kaggle tsp_dataset,#1211,75,Greedy,,728.4326538699827,0.0008585000177845359,ok,,,0.0
E5,Kaggle tsp_dataset,#1212,37,Greedy,,591.8348682031792,0.00020350003615021706,ok,,,0.0
E5,Kaggle tsp_dataset,#1213,89,Greedy,,752.8853773625142,0.0014947999734431505,ok,,,0.0
E5,Kaggle tsp_dataset,#1214,89,Greedy,,920.3410896389428,0.0013608000008389354,ok,,,0.0
E5,Kaggle tsp_dataset,#1215,54,Greedy,,628.6538238657138,0.0004314000252634287,ok,,,0.0
E5,Kaggle tsp_dataset,#1216,35,Greedy,,579.3086284592928,0.00019189994782209396,ok,,,0.0
E5,Kaggle tsp_dataset,#1217,42,Greedy,,499.34669221417636,0.00025619997177273035,ok,,,0.0
E5,Kaggle tsp_dataset,#1218,60,Greedy,,774.9030945531878,0.0005747000686824322,ok,,,0.0
E5,Kaggle tsp_dataset,#1219,98,Greedy,,836.5859920353148,0.0019119000062346458,ok,,,0.0
E5,Kaggle tsp_dataset,#1220,63,Greedy,,735.0177097182276,0.0006075999699532986,ok,,,0.0
E5,Kaggle tsp_dataset,#1221,20,Greedy,,471.2798951037669,6.980006583034992e-05,ok,,,0.0
E5,Kaggle tsp_dataset,#1222,78,Greedy,,862.413998191061,0.0011187000200152397,ok,,,0.0
E5,Kaggle tsp_dataset,#1223,96,Greedy,,954.0921326766321,0.0018185999942943454,ok,,,0.0
E5,Kaggle tsp_dataset,#1224,67,Greedy,,747.7540013324724,0.0007557000499218702,ok,,,0.0
E5,Kaggle tsp_dataset,#1225,48,Greedy,,660.9576730548345,0.0003464999608695507,ok,,,0.0
E5,Kaggle tsp_dataset,#1226,94,Greedy,,872.2893706333655,0.0016636000946164131,ok,,,0.0
E5,Kaggle tsp_dataset,#1227,58,Greedy,,791.7367874767951,0.0005448999581858516,ok,,,0.0
E5,Kaggle tsp_dataset,#1228,90,Greedy,,1011.1572038067853,0.0016334999818354845,ok,,,0.0
E5,Kaggle tsp_dataset,#1229,39,Greedy,,615.4081329515848,0.0002305000089108944,ok,,,0.0
E5,Kaggle tsp_dataset,#1230,86,Greedy,,867.0060454481088,0.0012801999691873789,ok,,,0.0
E5,Kaggle tsp_dataset,#1231,42,Greedy,,673.2689535141176,0.00027189997490495443,ok,,,0.0
E5,Kaggle tsp_dataset,#1232,66,Greedy,,719.3210638439585,0.0007464999798685312,ok,,,0.0
E5,Kaggle tsp_dataset,#1233,21,Greedy,,503.16160361224587,0.00010269996710121632,ok,,,0.0
E5,Kaggle tsp_dataset,#1234,25,Greedy,,447.5700990220043,0.00010020006448030472,ok,,,0.0
E5,Kaggle tsp_dataset,#1235,29,Greedy,,566.7555280137304,0.00013479997869580984,ok,,,0.0
E5,Kaggle tsp_dataset,#1236,80,Greedy,,769.9999179172773,0.0010236999951303005,ok,,,0.0
E5,Kaggle tsp_dataset,#1237,45,Greedy,,611.481320010528,0.00032680004369467497,ok,,,0.0
E5,Kaggle tsp_dataset,#1238,69,Greedy,,813.431245720849,0.000776899978518486,ok,,,0.0
E5,Kaggle tsp_dataset,#1239,54,Greedy,,697.7577126141576,0.0004392999690026045,ok,,,0.0
E5,Kaggle tsp_dataset,#1240,64,Greedy,,860.2052162651921,0.0007172999903559685,ok,,,0.0
E5,Kaggle tsp_dataset,#1241,83,Greedy,,860.8230961775998,0.0011839000508189201,ok,,,0.0
E5,Kaggle tsp_dataset,#1242,98,Greedy,,960.2855433224345,0.0018562000477686524,ok,,,0.0
E5,Kaggle tsp_dataset,#1243,64,Greedy,,692.5529162542716,0.0007547000423073769,ok,,,0.0
E5,Kaggle tsp_dataset,#1244,70,Greedy,,847.8350307062141,0.0008428000146523118,ok,,,0.0
E5,Kaggle tsp_dataset,#1245,20,Greedy,,507.1261678491951,7.349997758865356e-05,ok,,,0.0
E5,Kaggle tsp_dataset,#1246,60,Greedy,,679.3081093482529,0.0005914000794291496,ok,,,0.0
E5,Kaggle tsp_dataset,#1247,94,Greedy,,895.4038758811963,0.0017294998979195952,ok,,,0.0
E5,Kaggle tsp_dataset,#1248,67,Greedy,,756.2946485715458,0.000763899995945394,ok,,,0.0
E5,Kaggle tsp_dataset,#1249,79,Greedy,,834.6807512291284,0.000999600044451654,ok,,,0.0
E5,Kaggle tsp_dataset,#1250,72,Greedy,,829.7500394017618,0.0008796999463811517,ok,,,0.0
E5,Kaggle tsp_dataset,#1251,83,Greedy,,910.5204521556685,0.0011571000795811415,ok,,,0.0
E5,Kaggle tsp_dataset,#1252,91,Greedy,,888.4198972517969,0.0015388000756502151,ok,,,0.0
E5,Kaggle tsp_dataset,#1253,56,Greedy,,754.6019626177058,0.0005032999906688929,ok,,,0.0
E5,Kaggle tsp_dataset,#1254,57,Greedy,,645.3558545714872,0.000548299984075129,ok,,,0.0
E5,Kaggle tsp_dataset,#1255,52,Greedy,,717.3101151598511,0.00044159998651593924,ok,,,0.0
E5,Kaggle tsp_dataset,#1256,44,Greedy,,640.622848997635,0.00029829994309693575,ok,,,0.0
E5,Kaggle tsp_dataset,#1257,31,Greedy,,540.2394250428521,0.00015029998030513525,ok,,,0.0
E5,Kaggle tsp_dataset,#1258,33,Greedy,,584.8094818725847,0.00020499993115663528,ok,,,0.0
E5,Kaggle tsp_dataset,#1259,74,Greedy,,805.3787432052515,0.0009345000144094229,ok,,,0.0
E5,Kaggle tsp_dataset,#1260,41,Greedy,,559.1596049222301,0.00025649997405707836,ok,,,0.0
E5,Kaggle tsp_dataset,#1261,97,Greedy,,799.8891731907179,0.0017164000310003757,ok,,,0.0
E5,Kaggle tsp_dataset,#1262,58,Greedy,,673.2487885056812,0.0005348999984562397,ok,,,0.0
E5,Kaggle tsp_dataset,#1263,31,Greedy,,537.4598699181099,0.00019589997828006744,ok,,,0.0
E5,Kaggle tsp_dataset,#1264,53,Greedy,,754.9071599805613,0.00046600005589425564,ok,,,0.0
E5,Kaggle tsp_dataset,#1265,52,Greedy,,736.3205336860053,0.00044849992264062166,ok,,,0.0
E5,Kaggle tsp_dataset,#1266,70,Greedy,,779.6270169135797,0.0008422000100836158,ok,,,0.0
E5,Kaggle tsp_dataset,#1267,79,Greedy,,894.8251447455464,0.0010683999862521887,ok,,,0.0
E5,Kaggle tsp_dataset,#1268,36,Greedy,,660.4292109518485,0.00021129997912794352,ok,,,0.0
E5,Kaggle tsp_dataset,#1269,60,Greedy,,720.2852958532775,0.0005243999185040593,ok,,,0.0
E5,Kaggle tsp_dataset,#1270,46,Greedy,,617.5792765942805,0.000340400030836463,ok,,,0.0
E5,Kaggle tsp_dataset,#1271,50,Greedy,,640.3272762993817,0.0004301000153645873,ok,,,0.0
E5,Kaggle tsp_dataset,#1272,33,Greedy,,532.6697671084746,0.00018229999113827944,ok,,,0.0
E5,Kaggle tsp_dataset,#1273,26,Greedy,,463.2911685002537,0.00010790000669658184,ok,,,0.0
E5,Kaggle tsp_dataset,#1274,86,Greedy,,784.8753906730581,0.0011732999701052904,ok,,,0.0
E5,Kaggle tsp_dataset,#1275,89,Greedy,,884.2592809549425,0.00172149995341897,ok,,,0.0
E5,Kaggle tsp_dataset,#1276,85,Greedy,,920.1362681566092,0.001227000029757619,ok,,,0.0
E5,Kaggle tsp_dataset,#1277,67,Greedy,,795.0548732498985,0.0007091999286785722,ok,,,0.0
E5,Kaggle tsp_dataset,#1278,66,Greedy,,762.330875635139,0.0006751000182703137,ok,,,0.0
E5,Kaggle tsp_dataset,#1279,27,Greedy,,456.03333039125863,0.00011739996261894703,ok,,,0.0
E5,Kaggle tsp_dataset,#1280,97,Greedy,,960.4082285404907,0.00185779994353652,ok,,,0.0
E5,Kaggle tsp_dataset,#1281,69,Greedy,,815.3315281319927,0.0007936999900266528,ok,,,0.0
E5,Kaggle tsp_dataset,#1282,41,Greedy,,549.1068081579573,0.0002612000098451972,ok,,,0.0
E5,Kaggle tsp_dataset,#1283,24,Greedy,,522.6111007613049,0.00010009994730353355,ok,,,0.0
E5,Kaggle tsp_dataset,#1284,90,Greedy,,869.1168959773098,0.0017027000430971384,ok,,,0.0
E5,Kaggle tsp_dataset,#1285,32,Greedy,,476.1788649124092,0.00015949993394315243,ok,,,0.0
E5,Kaggle tsp_dataset,#1286,57,Greedy,,708.0114081388798,0.0005015999777242541,ok,,,0.0
E5,Kaggle tsp_dataset,#1287,36,Greedy,,488.0107083835301,0.0001903000520542264,ok,,,0.0
E5,Kaggle tsp_dataset,#1288,51,Greedy,,655.5749902110485,0.00038189999759197235,ok,,,0.0
E5,Kaggle tsp_dataset,#1289,34,Greedy,,617.4505991372064,0.00018820003606379032,ok,,,0.0
E5,Kaggle tsp_dataset,#1290,50,Greedy,,610.0119562825967,0.0003717000363394618,ok,,,0.0
E5,Kaggle tsp_dataset,#1291,23,Greedy,,601.485053760004,9.370001498609781e-05,ok,,,0.0
E5,Kaggle tsp_dataset,#1292,49,Greedy,,613.5866739086782,0.0004943000385537744,ok,,,0.0
E5,Kaggle tsp_dataset,#1293,62,Greedy,,677.5414215584975,0.0007201000116765499,ok,,,0.0
E5,Kaggle tsp_dataset,#1294,32,Greedy,,453.68165391306803,0.0001759000588208437,ok,,,0.0
E5,Kaggle tsp_dataset,#1295,63,Greedy,,734.4666820891197,0.0006292000180110335,ok,,,0.0
E5,Kaggle tsp_dataset,#1296,72,Greedy,,798.9105180235243,0.0008144000312313437,ok,,,0.0
E5,Kaggle tsp_dataset,#1297,78,Greedy,,807.0639653737204,0.0009571000700816512,ok,,,0.0
E5,Kaggle tsp_dataset,#1298,43,Greedy,,593.6409340307592,0.0002775000175461173,ok,,,0.0
E5,Kaggle tsp_dataset,#1299,76,Greedy,,848.6126623365368,0.0010154000483453274,ok,,,0.0
E5,Kaggle tsp_dataset,#1300,67,Greedy,,838.7601080631155,0.0007479999912902713,ok,,,0.0
E5,Kaggle tsp_dataset,#1301,80,Greedy,,782.669551757759,0.0009949000086635351,ok,,,0.0
E5,Kaggle tsp_dataset,#1302,27,Greedy,,566.7626907327756,0.00012250000145286322,ok,,,0.0
E5,Kaggle tsp_dataset,#1303,54,Greedy,,632.4998604888174,0.0004287000047042966,ok,,,0.0
E5,Kaggle tsp_dataset,#1304,24,Greedy,,438.06882198592945,0.00010009994730353355,ok,,,0.0
E5,Kaggle tsp_dataset,#1305,67,Greedy,,776.1786397903769,0.0007576999487355351,ok,,,0.0
E5,Kaggle tsp_dataset,#1306,81,Greedy,,820.3698737337437,0.0011237000580877066,ok,,,0.0
E5,Kaggle tsp_dataset,#1307,21,Greedy,,413.31151137903623,0.00014969997573643923,ok,,,0.0
E5,Kaggle tsp_dataset,#1308,36,Greedy,,548.0512521612956,0.00038510002195835114,ok,,,0.0
E5,Kaggle tsp_dataset,#1309,86,Greedy,,836.2804851313333,0.0012865999015048146,ok,,,0.0
E5,Kaggle tsp_dataset,#1310,70,Greedy,,792.6581830405529,0.0008904999122023582,ok,,,0.0
E5,Kaggle tsp_dataset,#1311,22,Greedy,,414.1910386509126,8.070003241300583e-05,ok,,,0.0
E5,Kaggle tsp_dataset,#1312,83,Greedy,,793.6488811520258,0.001169299939647317,ok,,,0.0
E5,Kaggle tsp_dataset,#1313,28,Greedy,,508.03520831907355,0.00012799992691725492,ok,,,0.0
E5,Kaggle tsp_dataset,#1314,96,Greedy,,919.4376474820687,0.0017163000302389264,ok,,,0.0
E5,Kaggle tsp_dataset,#1315,72,Greedy,,725.064693412925,0.0008254999993368983,ok,,,0.0
E5,Kaggle tsp_dataset,#1316,20,Greedy,,506.6336045971435,7.509998977184296e-05,ok,,,0.0
E5,Kaggle tsp_dataset,#1317,80,Greedy,,830.0333591849175,0.0010777999414131045,ok,,,0.0
E5,Kaggle tsp_dataset,#1318,65,Greedy,,788.050281786042,0.0006874999962747097,ok,,,0.0
E5,Kaggle tsp_dataset,#1319,26,Greedy,,556.3496932977794,0.00011789996642619371,ok,,,0.0
E5,Kaggle tsp_dataset,#1320,100,Greedy,,908.6201983156542,0.002001799992285669,ok,,,0.0
E5,Kaggle tsp_dataset,#1321,56,Greedy,,755.746274511898,0.0005167999770492315,ok,,,0.0
E5,Kaggle tsp_dataset,#1322,70,Greedy,,717.1877356929502,0.0007940999930724502,ok,,,0.0
E5,Kaggle tsp_dataset,#1323,100,Greedy,,922.9000668658172,0.0019273998914286494,ok,,,0.0
E5,Kaggle tsp_dataset,#1324,96,Greedy,,906.0457954975969,0.0017396000912413,ok,,,0.0
E5,Kaggle tsp_dataset,#1325,58,Greedy,,763.4547555128021,0.0005522000137716532,ok,,,0.0
E5,Kaggle tsp_dataset,#1326,80,Greedy,,811.4598717757859,0.0011849000584334135,ok,,,0.0
E5,Kaggle tsp_dataset,#1327,38,Greedy,,573.6278648841262,0.0002245999639853835,ok,,,0.0
E5,Kaggle tsp_dataset,#1328,51,Greedy,,615.9288447426104,0.0003997000167146325,ok,,,0.0
E5,Kaggle tsp_dataset,#1329,66,Greedy,,804.3852138881383,0.0006785000441595912,ok,,,0.0
E5,Kaggle tsp_dataset,#1330,36,Greedy,,584.1846782300585,0.00020979996770620346,ok,,,0.0
E5,Kaggle tsp_dataset,#1331,42,Greedy,,575.8073760730715,0.0002715999726206064,ok,,,0.0
E5,Kaggle tsp_dataset,#1332,97,Greedy,,986.3546253752827,0.001900400035083294,ok,,,0.0
E5,Kaggle tsp_dataset,#1333,57,Greedy,,698.1906970220369,0.0005323000950738788,ok,,,0.0
E5,Kaggle tsp_dataset,#1334,25,Greedy,,489.5021000760066,0.00010539998766034842,ok,,,0.0
E5,Kaggle tsp_dataset,#1335,44,Greedy,,684.4324272739348,0.0003152999561280012,ok,,,0.0
E5,Kaggle tsp_dataset,#1336,61,Greedy,,654.1977122138807,0.0010408000089228153,ok,,,0.0
E5,Kaggle tsp_dataset,#1337,67,Greedy,,835.8027809776827,0.0008301000343635678,ok,,,0.0
E5,Kaggle tsp_dataset,#1338,29,Greedy,,449.52474662151434,0.0001314000692218542,ok,,,0.0
E5,Kaggle tsp_dataset,#1339,93,Greedy,,800.79670618944,0.0018478999845683575,ok,,,0.0
E5,Kaggle tsp_dataset,#1340,82,Greedy,,823.9208679176594,0.0011470000026747584,ok,,,0.0
E5,Kaggle tsp_dataset,#1341,55,Greedy,,581.9620831867804,0.0004884999943897128,ok,,,0.0
E5,Kaggle tsp_dataset,#1342,55,Greedy,,711.9345595796678,0.00044790003448724747,ok,,,0.0
E5,Kaggle tsp_dataset,#1343,93,Greedy,,749.5334987036812,0.001612700056284666,ok,,,0.0
E5,Kaggle tsp_dataset,#1344,95,Greedy,,871.5636525018066,0.0019564999965950847,ok,,,0.0
E5,Kaggle tsp_dataset,#1345,49,Greedy,,620.1914466102573,0.00039089994970709085,ok,,,0.0
E5,Kaggle tsp_dataset,#1346,57,Greedy,,681.3927903878064,0.0011036000214517117,ok,,,0.0
E5,Kaggle tsp_dataset,#1347,99,Greedy,,955.3559858187203,0.002209399943239987,ok,,,0.0
E5,Kaggle tsp_dataset,#1348,85,Greedy,,818.9899300789839,0.0012231000000610948,ok,,,0.0
E5,Kaggle tsp_dataset,#1349,66,Greedy,,719.6179760873763,0.000685499981045723,ok,,,0.0
E5,Kaggle tsp_dataset,#1350,61,Greedy,,634.2178014402567,0.0005866000428795815,ok,,,0.0
E5,Kaggle tsp_dataset,#1351,78,Greedy,,890.319373732878,0.0011605999898165464,ok,,,0.0
E5,Kaggle tsp_dataset,#1352,23,Greedy,,525.1067293860274,9.429990313947201e-05,ok,,,0.0
E5,Kaggle tsp_dataset,#1353,22,Greedy,,410.4470005264914,8.25000461190939e-05,ok,,,0.0
E5,Kaggle tsp_dataset,#1354,45,Greedy,,680.5884663660403,0.0003206999972462654,ok,,,0.0
E5,Kaggle tsp_dataset,#1355,80,Greedy,,829.0401946615127,0.001087700016796589,ok,,,0.0
E5,Kaggle tsp_dataset,#1356,93,Greedy,,788.7387307622898,0.0016537000192329288,ok,,,0.0
E5,Kaggle tsp_dataset,#1357,21,Greedy,,420.63686127468225,7.579999510198832e-05,ok,,,0.0
E5,Kaggle tsp_dataset,#1358,39,Greedy,,575.2205522220256,0.00023370003327727318,ok,,,0.0
E5,Kaggle tsp_dataset,#1359,51,Greedy,,653.482136522813,0.0004143000114709139,ok,,,0.0
E5,Kaggle tsp_dataset,#1360,89,Greedy,,763.4687689770459,0.0014723000349476933,ok,,,0.0
E5,Kaggle tsp_dataset,#1361,24,Greedy,,434.4192447024351,0.00010199996177107096,ok,,,0.0
E5,Kaggle tsp_dataset,#1362,40,Greedy,,648.4429105969382,0.0002562999725341797,ok,,,0.0
E5,Kaggle tsp_dataset,#1363,21,Greedy,,474.60473928763827,7.429998368024826e-05,ok,,,0.0
E5,Kaggle tsp_dataset,#1364,23,Greedy,,531.5768604667189,9.42000187933445e-05,ok,,,0.0
E5,Kaggle tsp_dataset,#1365,42,Greedy,,672.2314298014727,0.0002894001081585884,ok,,,0.0
E5,Kaggle tsp_dataset,#1366,70,Greedy,,737.4211334688467,0.000834000064060092,ok,,,0.0
E5,Kaggle tsp_dataset,#1367,54,Greedy,,699.3873462238873,0.00048099993728101254,ok,,,0.0
E5,Kaggle tsp_dataset,#1368,70,Greedy,,801.7580489551488,0.0007969000143930316,ok,,,0.0
E5,Kaggle tsp_dataset,#1369,34,Greedy,,591.6542771878162,0.00018970004748553038,ok,,,0.0
E5,Kaggle tsp_dataset,#1370,23,Greedy,,530.9978057150914,9.480002336204052e-05,ok,,,0.0
E5,Kaggle tsp_dataset,#1371,32,Greedy,,510.5974447652293,0.00015570002142339945,ok,,,0.0
E5,Kaggle tsp_dataset,#1372,70,Greedy,,741.7144505621606,0.0007938999915495515,ok,,,0.0
E5,Kaggle tsp_dataset,#1373,27,Greedy,,403.9570609642829,0.00011540006380528212,ok,,,0.0
E5,Kaggle tsp_dataset,#1374,90,Greedy,,908.5271227975729,0.0015885999891906977,ok,,,0.0
E5,Kaggle tsp_dataset,#1375,34,Greedy,,598.0013065638066,0.00018779991660267115,ok,,,0.0
E5,Kaggle tsp_dataset,#1376,49,Greedy,,607.5049725766943,0.00036830001045018435,ok,,,0.0
E5,Kaggle tsp_dataset,#1377,89,Greedy,,868.9394209453784,0.0013229999458417296,ok,,,0.0
E5,Kaggle tsp_dataset,#1378,43,Greedy,,658.3610019465015,0.0002983999438583851,ok,,,0.0
E5,Kaggle tsp_dataset,#1379,77,Greedy,,815.0971100426506,0.001044000033289194,ok,,,0.0
E5,Kaggle tsp_dataset,#1380,88,Greedy,,860.6690642116993,0.001338199945166707,ok,,,0.0
E5,Kaggle tsp_dataset,#1381,53,Greedy,,622.6743926693007,0.00044139998499304056,ok,,,0.0
E5,Kaggle tsp_dataset,#1382,46,Greedy,,622.8849438307286,0.0003233000170439482,ok,,,0.0
E5,Kaggle tsp_dataset,#1383,81,Greedy,,849.9870863372346,0.001208100002259016,ok,,,0.0
E5,Kaggle tsp_dataset,#1384,23,Greedy,,478.8173269299147,8.979998528957367e-05,ok,,,0.0
E5,Kaggle tsp_dataset,#1385,93,Greedy,,943.9612183386346,0.001649899990297854,ok,,,0.0
E5,Kaggle tsp_dataset,#1386,55,Greedy,,568.9463036799428,0.000466700061224401,ok,,,0.0
E5,Kaggle tsp_dataset,#1387,35,Greedy,,617.8033987971937,0.00019239995162934065,ok,,,0.0
E5,Kaggle tsp_dataset,#1388,60,Greedy,,653.1932307951472,0.0005762999644502997,ok,,,0.0
E5,Kaggle tsp_dataset,#1389,35,Greedy,,471.70570532653784,0.00018350000027567148,ok,,,0.0
E5,Kaggle tsp_dataset,#1390,38,Greedy,,639.1345770304042,0.00022010004613548517,ok,,,0.0
E5,Kaggle tsp_dataset,#1391,36,Greedy,,540.9735869303037,0.0002012000186368823,ok,,,0.0
E5,Kaggle tsp_dataset,#1392,68,Greedy,,738.2114548933524,0.0007194000063464046,ok,,,0.0
E5,Kaggle tsp_dataset,#1393,63,Greedy,,783.1832992617926,0.0006031000521034002,ok,,,0.0
E5,Kaggle tsp_dataset,#1394,58,Greedy,,771.8570594171117,0.0005375000182539225,ok,,,0.0
E5,Kaggle tsp_dataset,#1395,28,Greedy,,466.8653718586522,0.00012689991854131222,ok,,,0.0
E5,Kaggle tsp_dataset,#1396,61,Greedy,,719.3587240233048,0.000591200077906251,ok,,,0.0
E5,Kaggle tsp_dataset,#1397,70,Greedy,,717.8040026853131,0.0007302999729290605,ok,,,0.0
E5,Kaggle tsp_dataset,#1398,58,Greedy,,706.9316303342425,0.0005302999634295702,ok,,,0.0
E5,Kaggle tsp_dataset,#1399,93,Greedy,,931.9051923259318,0.0016867000376805663,ok,,,0.0
E5,Kaggle tsp_dataset,#1400,74,Greedy,,786.4417302273342,0.0009075000416487455,ok,,,0.0
E5,Kaggle tsp_dataset,#1401,52,Greedy,,628.4723920215795,0.0005356000037863851,ok,,,0.0
E5,Kaggle tsp_dataset,#1402,91,Greedy,,853.0958967311858,0.0015507000498473644,ok,,,0.0
E5,Kaggle tsp_dataset,#1403,65,Greedy,,702.095174867255,0.0006340000545606017,ok,,,0.0
E5,Kaggle tsp_dataset,#1404,59,Greedy,,747.9448111246841,0.00054240005556494,ok,,,0.0
E5,Kaggle tsp_dataset,#1405,73,Greedy,,731.7914820367391,0.0008290000259876251,ok,,,0.0
E5,Kaggle tsp_dataset,#1406,80,Greedy,,849.2331233720396,0.001070900005288422,ok,,,0.0
E5,Kaggle tsp_dataset,#1407,27,Greedy,,385.1455146733185,0.00011180003639310598,ok,,,0.0
E5,Kaggle tsp_dataset,#1408,35,Greedy,,590.0524526682576,0.00019130005966871977,ok,,,0.0
E5,Kaggle tsp_dataset,#1409,47,Greedy,,639.7090791243744,0.0003328999737277627,ok,,,0.0
E5,Kaggle tsp_dataset,#1410,95,Greedy,,898.6585118982855,0.0017924999119713902,ok,,,0.0
E5,Kaggle tsp_dataset,#1411,98,Greedy,,952.019805614313,0.0017428999999538064,ok,,,0.0
E5,Kaggle tsp_dataset,#1412,77,Greedy,,809.3243132747639,0.0009364999132230878,ok,,,0.0
E5,Kaggle tsp_dataset,#1413,24,Greedy,,421.41351108989176,9.480002336204052e-05,ok,,,0.0
E5,Kaggle tsp_dataset,#1414,83,Greedy,,841.3818218775142,0.0011633000103756785,ok,,,0.0
E5,Kaggle tsp_dataset,#1415,54,Greedy,,682.1454307869283,0.00047610001638531685,ok,,,0.0
E5,Kaggle tsp_dataset,#1416,29,Greedy,,474.39054795017324,0.00012790004257112741,ok,,,0.0
E5,Kaggle tsp_dataset,#1417,36,Greedy,,582.0723454533581,0.00021730002481490374,ok,,,0.0
E5,Kaggle tsp_dataset,#1418,96,Greedy,,907.2078262700614,0.0022286000894382596,ok,,,0.0
E5,Kaggle tsp_dataset,#1419,93,Greedy,,861.4676651582674,0.0017905998975038528,ok,,,0.0
E5,Kaggle tsp_dataset,#1420,92,Greedy,,818.0974118813909,0.0015613000141456723,ok,,,0.0
E5,Kaggle tsp_dataset,#1421,79,Greedy,,844.665841276341,0.0010237999958917499,ok,,,0.0
E5,Kaggle tsp_dataset,#1422,72,Greedy,,784.001945767069,0.0008316000457853079,ok,,,0.0
E5,Kaggle tsp_dataset,#1423,100,Greedy,,931.0666822621937,0.0019949000561609864,ok,,,0.0
E5,Kaggle tsp_dataset,#1424,79,Greedy,,871.2937724130232,0.0010627999436110258,ok,,,0.0
E5,Kaggle tsp_dataset,#1425,66,Greedy,,786.418169023705,0.0006833000807091594,ok,,,0.0
E5,Kaggle tsp_dataset,#1426,73,Greedy,,748.6834758603865,0.0008370999712496996,ok,,,0.0
E5,Kaggle tsp_dataset,#1427,98,Greedy,,921.5275957615762,0.0022965000243857503,ok,,,0.0
E5,Kaggle tsp_dataset,#1428,27,Greedy,,546.2433636905162,0.0001227000029757619,ok,,,0.0
E5,Kaggle tsp_dataset,#1429,26,Greedy,,540.011381405291,0.00011250004172325134,ok,,,0.0
E5,Kaggle tsp_dataset,#1430,86,Greedy,,786.8706589224322,0.0011845000553876162,ok,,,0.0
E5,Kaggle tsp_dataset,#1431,59,Greedy,,689.5841903212148,0.0005682000191882253,ok,,,0.0
E5,Kaggle tsp_dataset,#1432,20,Greedy,,452.8317586303974,7.119996007531881e-05,ok,,,0.0
E5,Kaggle tsp_dataset,#1433,49,Greedy,,670.76880078992,0.00035370001569390297,ok,,,0.0
E5,Kaggle tsp_dataset,#1434,43,Greedy,,626.5309142218869,0.0002968000480905175,ok,,,0.0
E5,Kaggle tsp_dataset,#1435,66,Greedy,,758.8039164177012,0.0007306000916287303,ok,,,0.0
E5,Kaggle tsp_dataset,#1436,31,Greedy,,612.459924808028,0.00016589998267591,ok,,,0.0
E5,Kaggle tsp_dataset,#1437,58,Greedy,,741.386024213765,0.0005587000632658601,ok,,,0.0
E5,Kaggle tsp_dataset,#1438,54,Greedy,,706.9578859616992,0.0004723999882116914,ok,,,0.0
E5,Kaggle tsp_dataset,#1439,91,Greedy,,848.0623263985358,0.001607899903319776,ok,,,0.0
E5,Kaggle tsp_dataset,#1440,27,Greedy,,460.2567005830673,0.00011669995728880167,ok,,,0.0
E5,Kaggle tsp_dataset,#1441,82,Greedy,,883.2718176848472,0.0012014000676572323,ok,,,0.0
E5,Kaggle tsp_dataset,#1442,91,Greedy,,990.1348946616122,0.0015834999503567815,ok,,,0.0
E5,Kaggle tsp_dataset,#1443,74,Greedy,,773.2224091270447,0.0009077000431716442,ok,,,0.0
E5,Kaggle tsp_dataset,#1444,92,Greedy,,923.4984925368377,0.0016468999674543738,ok,,,0.0
E5,Kaggle tsp_dataset,#1445,94,Greedy,,905.8861825850978,0.0016858000308275223,ok,,,0.0
E5,Kaggle tsp_dataset,#1446,36,Greedy,,577.6505098408719,0.00019799999427050352,ok,,,0.0
E5,Kaggle tsp_dataset,#1447,58,Greedy,,800.3121483950442,0.0005731000564992428,ok,,,0.0
E5,Kaggle tsp_dataset,#1448,72,Greedy,,825.9054495899276,0.0009356000227853656,ok,,,0.0
E5,Kaggle tsp_dataset,#1449,37,Greedy,,513.2955230646209,0.00021410000044852495,ok,,,0.0
E5,Kaggle tsp_dataset,#1450,82,Greedy,,876.1039495162391,0.001097499975003302,ok,,,0.0
E5,Kaggle tsp_dataset,#1451,67,Greedy,,745.0901127462673,0.0006949999369680882,ok,,,0.0
E5,Kaggle tsp_dataset,#1452,72,Greedy,,700.3660794194634,0.0008181999437510967,ok,,,0.0
E5,Kaggle tsp_dataset,#1453,47,Greedy,,612.7533565279199,0.00033850001636892557,ok,,,0.0
E5,Kaggle tsp_dataset,#1454,41,Greedy,,592.5947355590685,0.0002663999330252409,ok,,,0.0
E5,Kaggle tsp_dataset,#1455,35,Greedy,,646.5082522279582,0.00019869999960064888,ok,,,0.0
E5,Kaggle tsp_dataset,#1456,96,Greedy,,863.0233588787132,0.001742199994623661,ok,,,0.0
E5,Kaggle tsp_dataset,#1457,40,Greedy,,577.7118262484566,0.0002538999542593956,ok,,,0.0
E5,Kaggle tsp_dataset,#1458,35,Greedy,,538.7641404159914,0.00018880004063248634,ok,,,0.0
E5,Kaggle tsp_dataset,#1459,55,Greedy,,682.4837329735739,0.0005014000926166773,ok,,,0.0
E5,Kaggle tsp_dataset,#1460,94,Greedy,,966.7651244246495,0.001728000002913177,ok,,,0.0
E5,Kaggle tsp_dataset,#1461,73,Greedy,,788.0835899450159,0.0008935000514611602,ok,,,0.0
E5,Kaggle tsp_dataset,#1462,99,Greedy,,875.0692342934059,0.001770899980328977,ok,,,0.0
E5,Kaggle tsp_dataset,#1463,91,Greedy,,951.2486960245002,0.0016241000266745687,ok,,,0.0
E5,Kaggle tsp_dataset,#1464,64,Greedy,,770.1121432422461,0.0006977999582886696,ok,,,0.0
E5,Kaggle tsp_dataset,#1465,73,Greedy,,708.8912984815651,0.0008619999280199409,ok,,,0.0
E5,Kaggle tsp_dataset,#1466,29,Greedy,,596.400680734853,0.00014789996203035116,ok,,,0.0
E5,Kaggle tsp_dataset,#1467,62,Greedy,,668.8286719673908,0.0006797000532969832,ok,,,0.0
E5,Kaggle tsp_dataset,#1468,96,Greedy,,884.1310744374215,0.0016840000171214342,ok,,,0.0
E5,Kaggle tsp_dataset,#1469,67,Greedy,,811.9713493158405,0.0007249000482261181,ok,,,0.0
E5,Kaggle tsp_dataset,#1470,43,Greedy,,613.1046337138434,0.00028989999555051327,ok,,,0.0
E5,Kaggle tsp_dataset,#1471,82,Greedy,,850.0210949162653,0.0011682999320328236,ok,,,0.0
E5,Kaggle tsp_dataset,#1472,96,Greedy,,842.3634189260237,0.0016732999356463552,ok,,,0.0
E5,Kaggle tsp_dataset,#1473,43,Greedy,,687.0158279556384,0.0002930000191554427,ok,,,0.0
E5,Kaggle tsp_dataset,#1474,84,Greedy,,899.3736310182087,0.001279100077226758,ok,,,0.0
E5,Kaggle tsp_dataset,#1475,61,Greedy,,741.2226199616665,0.0006271000020205975,ok,,,0.0
E5,Kaggle tsp_dataset,#1476,26,Greedy,,416.60761309078265,0.00010549998842179775,ok,,,0.0
E5,Kaggle tsp_dataset,#1477,29,Greedy,,570.6262466706372,0.0001431000418961048,ok,,,0.0
E5,Kaggle tsp_dataset,#1478,67,Greedy,,789.6757541237158,0.0007114999461919069,ok,,,0.0
E5,Kaggle tsp_dataset,#1479,65,Greedy,,759.5986284722787,0.0006558999884873629,ok,,,0.0
E5,Kaggle tsp_dataset,#1480,61,Greedy,,728.1887917265452,0.0005956999957561493,ok,,,0.0
E5,Kaggle tsp_dataset,#1481,37,Greedy,,521.5436679183885,0.00020359992049634457,ok,,,0.0
E5,Kaggle tsp_dataset,#1482,51,Greedy,,664.789333270944,0.0004120999947190285,ok,,,0.0
E5,Kaggle tsp_dataset,#1483,21,Greedy,,363.5669139655674,7.579999510198832e-05,ok,,,0.0
E5,Kaggle tsp_dataset,#1484,80,Greedy,,758.7161878136071,0.001002799952402711,ok,,,0.0
E5,Kaggle tsp_dataset,#1485,82,Greedy,,778.5028613535795,0.0010743000311776996,ok,,,0.0
E5,Kaggle tsp_dataset,#1486,56,Greedy,,725.9234529653304,0.0005240000318735838,ok,,,0.0
E5,Kaggle tsp_dataset,#1487,69,Greedy,,809.6172652224327,0.0008201999589800835,ok,,,0.0
E5,Kaggle tsp_dataset,#1488,21,Greedy,,529.7980323019956,9.560002945363522e-05,ok,,,0.0
E5,Kaggle tsp_dataset,#1489,85,Greedy,,879.1993365741339,0.0012178999604657292,ok,,,0.0
E5,Kaggle tsp_dataset,#1490,89,Greedy,,824.7208915268644,0.0014812999870628119,ok,,,0.0
E5,Kaggle tsp_dataset,#1491,80,Greedy,,728.9678450816191,0.0009926999919116497,ok,,,0.0
E5,Kaggle tsp_dataset,#1492,57,Greedy,,773.475479330786,0.0005170999793335795,ok,,,0.0
E5,Kaggle tsp_dataset,#1493,99,Greedy,,849.2646054979764,0.0017811000579968095,ok,,,0.0
E5,Kaggle tsp_dataset,#1494,25,Greedy,,479.87985953149786,0.00010739988647401333,ok,,,0.0
E5,Kaggle tsp_dataset,#1495,43,Greedy,,683.0273167719757,0.0003085000207647681,ok,,,0.0
E5,Kaggle tsp_dataset,#1496,21,Greedy,,384.8483126202378,7.840001489967108e-05,ok,,,0.0
E5,Kaggle tsp_dataset,#1497,77,Greedy,,811.062741382056,0.0009356000227853656,ok,,,0.0
E5,Kaggle tsp_dataset,#1498,34,Greedy,,466.74801565024416,0.0001775999553501606,ok,,,0.0
E5,Kaggle tsp_dataset,#1499,88,Greedy,,817.0303932973916,0.0012392000062391162,ok,,,0.0
E5,Kaggle tsp_dataset,#1500,65,Greedy,,719.7097878950857,0.00066509994212538,ok,,,0.0
E5,Kaggle tsp_dataset,#1501,79,Greedy,,839.7031536170306,0.0010798999574035406,ok,,,0.0
E5,Kaggle tsp_dataset,#1502,41,Greedy,,594.2280632446972,0.00026780006010085344,ok,,,0.0
E5,Kaggle tsp_dataset,#1503,76,Greedy,,783.6174355493471,0.0009698000503703952,ok,,,0.0
E5,Kaggle tsp_dataset,#1504,41,Greedy,,563.2112482124938,0.00025590008590370417,ok,,,0.0
E5,Kaggle tsp_dataset,#1505,53,Greedy,,684.2904404752921,0.00043590005952864885,ok,,,0.0
E5,Kaggle tsp_dataset,#1506,33,Greedy,,579.1853831801681,0.0001708000199869275,ok,,,0.0
E5,Kaggle tsp_dataset,#1507,100,Greedy,,908.277779253474,0.0022413000697270036,ok,,,0.0
E5,Kaggle tsp_dataset,#1508,93,Greedy,,855.5313571030584,0.001877899980172515,ok,,,0.0
E5,Kaggle tsp_dataset,#1509,33,Greedy,,566.1888705832864,0.00025399995502084494,ok,,,0.0
E5,Kaggle tsp_dataset,#1510,96,Greedy,,867.4481779203027,0.0020858999341726303,ok,,,0.0
E5,Kaggle tsp_dataset,#1511,26,Greedy,,449.0913377041423,0.00011100003030151129,ok,,,0.0
E5,Kaggle tsp_dataset,#1512,24,Greedy,,447.5936492283101,9.700004011392593e-05,ok,,,0.0
E5,Kaggle tsp_dataset,#1513,83,Greedy,,813.450542045582,0.0012917999411001801,ok,,,0.0
E5,Kaggle tsp_dataset,#1514,28,Greedy,,568.5390859512613,0.00014759995974600315,ok,,,0.0
E5,Kaggle tsp_dataset,#1515,76,Greedy,,773.3055270165355,0.0010859000030905008,ok,,,0.0
E5,Kaggle tsp_dataset,#1516,67,Greedy,,770.2156562900666,0.0008110000053420663,ok,,,0.0
E5,Kaggle tsp_dataset,#1517,46,Greedy,,689.744811508453,0.00037160003557801247,ok,,,0.0
E5,Kaggle tsp_dataset,#1518,94,Greedy,,992.3639135573598,0.001942700007930398,ok,,,0.0
E5,Kaggle tsp_dataset,#1519,96,Greedy,,880.2361391243558,0.0018124999478459358,ok,,,0.0
E5,Kaggle tsp_dataset,#1520,69,Greedy,,775.9483131308588,0.0007547999266535044,ok,,,0.0
E5,Kaggle tsp_dataset,#1521,93,Greedy,,874.1368040975273,0.0016839999007061124,ok,,,0.0
E5,Kaggle tsp_dataset,#1522,47,Greedy,,574.5094386043102,0.0003712000325322151,ok,,,0.0
E5,Kaggle tsp_dataset,#1523,26,Greedy,,452.5202584982396,0.0001175999641418457,ok,,,0.0
E5,Kaggle tsp_dataset,#1524,81,Greedy,,871.3318862357339,0.0012181999627500772,ok,,,0.0
E5,Kaggle tsp_dataset,#1525,80,Greedy,,840.5481326518567,0.0011868999572470784,ok,,,0.0
E5,Kaggle tsp_dataset,#1526,86,Greedy,,813.1824071452689,0.0012648999691009521,ok,,,0.0
E5,Kaggle tsp_dataset,#1527,41,Greedy,,666.1864231819419,0.0002669999375939369,ok,,,0.0
E5,Kaggle tsp_dataset,#1528,83,Greedy,,861.9399780258269,0.001249499968253076,ok,,,0.0
E5,Kaggle tsp_dataset,#1529,90,Greedy,,946.1932978041573,0.0015551999676972628,ok,,,0.0
E5,Kaggle tsp_dataset,#1530,26,Greedy,,544.1738053192472,0.0001254999078810215,ok,,,0.0
E5,Kaggle tsp_dataset,#1531,20,Greedy,,381.94912557074946,6.900005973875523e-05,ok,,,0.0
E5,Kaggle tsp_dataset,#1532,44,Greedy,,620.3869352779238,0.0003229000139981508,ok,,,0.0
E5,Kaggle tsp_dataset,#1533,50,Greedy,,618.5394500713063,0.00043569994159042835,ok,,,0.0
E5,Kaggle tsp_dataset,#1534,76,Greedy,,867.9685760066453,0.0010198999661952257,ok,,,0.0
E5,Kaggle tsp_dataset,#1535,99,Greedy,,833.942383671982,0.0018437999533489347,ok,,,0.0
E5,Kaggle tsp_dataset,#1536,70,Greedy,,814.1524888883636,0.0008309000404551625,ok,,,0.0
E5,Kaggle tsp_dataset,#1537,96,Greedy,,853.9649907192048,0.0017325999215245247,ok,,,0.0
E5,Kaggle tsp_dataset,#1538,98,Greedy,,979.1110523625867,0.0020975000225007534,ok,,,0.0
E5,Kaggle tsp_dataset,#1539,78,Greedy,,838.2162660097833,0.0010015999432653189,ok,,,0.0
E5,Kaggle tsp_dataset,#1540,36,Greedy,,600.7906132992206,0.00021550001110881567,ok,,,0.0
E5,Kaggle tsp_dataset,#1541,31,Greedy,,576.6768670020758,0.00016199995297938585,ok,,,0.0
E5,Kaggle tsp_dataset,#1542,82,Greedy,,873.5115749153325,0.0011975999223068357,ok,,,0.0
E5,Kaggle tsp_dataset,#1543,93,Greedy,,935.5761252685481,0.0017510000616312027,ok,,,0.0
E5,Kaggle tsp_dataset,#1544,27,Greedy,,562.06850822836,0.00012340000830590725,ok,,,0.0
E5,Kaggle tsp_dataset,#1545,76,Greedy,,761.9546738349213,0.0009316999930888414,ok,,,0.0
E5,Kaggle tsp_dataset,#1546,39,Greedy,,531.0555107356859,0.00023859995417296886,ok,,,0.0
E5,Kaggle tsp_dataset,#1547,81,Greedy,,823.6635846325327,0.0011294999858364463,ok,,,0.0
E5,Kaggle tsp_dataset,#1548,46,Greedy,,676.4866033873947,0.00035749992821365595,ok,,,0.0
E5,Kaggle tsp_dataset,#1549,42,Greedy,,629.1063873181959,0.0003037999849766493,ok,,,0.0
E5,Kaggle tsp_dataset,#1550,97,Greedy,,845.3301160852162,0.0017550000920891762,ok,,,0.0
E5,Kaggle tsp_dataset,#1551,74,Greedy,,823.9557805404163,0.0009102000622078776,ok,,,0.0
E5,Kaggle tsp_dataset,#1552,75,Greedy,,852.860673063395,0.0009438999695703387,ok,,,0.0
E5,Kaggle tsp_dataset,#1553,67,Greedy,,743.1547071461564,0.0006951000541448593,ok,,,0.0
E5,Kaggle tsp_dataset,#1554,35,Greedy,,537.816742413596,0.00018339999951422215,ok,,,0.0
E5,Kaggle tsp_dataset,#1555,83,Greedy,,751.7967832278165,0.0011436999775469303,ok,,,0.0
E5,Kaggle tsp_dataset,#1556,95,Greedy,,859.2247078870216,0.0016606999561190605,ok,,,0.0
E5,Kaggle tsp_dataset,#1557,49,Greedy,,655.3673716917058,0.00039950001519173384,ok,,,0.0
E5,Kaggle tsp_dataset,#1558,27,Greedy,,469.32850371090177,0.0001129999291151762,ok,,,0.0
E5,Kaggle tsp_dataset,#1559,25,Greedy,,439.66511744115866,9.940005838871002e-05,ok,,,0.0
E5,Kaggle tsp_dataset,#1560,44,Greedy,,682.4318446857841,0.00030890002381056547,ok,,,0.0
E5,Kaggle tsp_dataset,#1561,21,Greedy,,456.6228831009895,7.830001413822174e-05,ok,,,0.0
E5,Kaggle tsp_dataset,#1562,79,Greedy,,851.9291081856359,0.0010414000134915113,ok,,,0.0
E5,Kaggle tsp_dataset,#1563,66,Greedy,,678.2329250367552,0.0006581000052392483,ok,,,0.0
E5,Kaggle tsp_dataset,#1564,46,Greedy,,617.5502472351416,0.00032130000181496143,ok,,,0.0
E5,Kaggle tsp_dataset,#1565,71,Greedy,,822.5343039591603,0.0008215999696403742,ok,,,0.0
E5,Kaggle tsp_dataset,#1566,100,Greedy,,965.1588180063723,0.001933799940161407,ok,,,0.0
E5,Kaggle tsp_dataset,#1567,71,Greedy,,773.1110521025125,0.0008160000434145331,ok,,,0.0
E5,Kaggle tsp_dataset,#1568,86,Greedy,,834.114276561693,0.0012275000335648656,ok,,,0.0
E5,Kaggle tsp_dataset,#1569,75,Greedy,,792.7857429182504,0.0009703999385237694,ok,,,0.0
E5,Kaggle tsp_dataset,#1570,47,Greedy,,588.3228192766837,0.0003290999447926879,ok,,,0.0
E5,Kaggle tsp_dataset,#1571,21,Greedy,,470.3510333085815,7.780001033097506e-05,ok,,,0.0
E5,Kaggle tsp_dataset,#1572,24,Greedy,,424.2823329744632,8.90000956133008e-05,ok,,,0.0
E5,Kaggle tsp_dataset,#1573,21,Greedy,,496.84253462719914,7.71000050008297e-05,ok,,,0.0
E5,Kaggle tsp_dataset,#1574,85,Greedy,,868.7203900236576,0.0012394000077620149,ok,,,0.0
E5,Kaggle tsp_dataset,#1575,44,Greedy,,599.9034136582828,0.0011403999524191022,ok,,,0.0
E5,Kaggle tsp_dataset,#1576,86,Greedy,,861.7642311820503,0.0012221999932080507,ok,,,0.0
E5,Kaggle tsp_dataset,#1577,66,Greedy,,762.9897554141959,0.000695300055667758,ok,,,0.0
E5,Kaggle tsp_dataset,#1578,41,Greedy,,584.5231202692441,0.0002606000052765012,ok,,,0.0
E5,Kaggle tsp_dataset,#1579,98,Greedy,,879.5017136171584,0.0017883999971672893,ok,,,0.0
E5,Kaggle tsp_dataset,#1580,39,Greedy,,627.1492413235876,0.00023200002033263445,ok,,,0.0
E5,Kaggle tsp_dataset,#1581,67,Greedy,,637.4912554850421,0.0006675999611616135,ok,,,0.0
E5,Kaggle tsp_dataset,#1582,87,Greedy,,900.4317014807964,0.001389399985782802,ok,,,0.0
E5,Kaggle tsp_dataset,#1583,63,Greedy,,805.9201052300948,0.0006483999313786626,ok,,,0.0
E5,Kaggle tsp_dataset,#1584,58,Greedy,,630.8935904307433,0.0005207000067457557,ok,,,0.0
E5,Kaggle tsp_dataset,#1585,56,Greedy,,649.7483025245728,0.00047779991291463375,ok,,,0.0
E5,Kaggle tsp_dataset,#1586,90,Greedy,,869.6867100010368,0.001566799939610064,ok,,,0.0
E5,Kaggle tsp_dataset,#1587,35,Greedy,,616.2047675608686,0.00018660002388060093,ok,,,0.0
E5,Kaggle tsp_dataset,#1588,89,Greedy,,923.3437807423637,0.001336699933744967,ok,,,0.0
E5,Kaggle tsp_dataset,#1589,50,Greedy,,775.1890770478396,0.0004023000365123153,ok,,,0.0
E5,Kaggle tsp_dataset,#1590,34,Greedy,,613.2464161675244,0.0001824999926611781,ok,,,0.0
E5,Kaggle tsp_dataset,#1591,40,Greedy,,609.0960633532602,0.0002538000699132681,ok,,,0.0
E5,Kaggle tsp_dataset,#1592,44,Greedy,,639.2881826099904,0.000304899993352592,ok,,,0.0
E5,Kaggle tsp_dataset,#1593,23,Greedy,,431.6930043577578,8.999998681247234e-05,ok,,,0.0
E5,Kaggle tsp_dataset,#1594,90,Greedy,,822.7539226602887,0.001461799954995513,ok,,,0.0
E5,Kaggle tsp_dataset,#1595,49,Greedy,,729.5699034720049,0.000385899911634624,ok,,,0.0
E5,Kaggle tsp_dataset,#1596,35,Greedy,,589.1262134419546,0.00018850003834813833,ok,,,0.0
E5,Kaggle tsp_dataset,#1597,42,Greedy,,580.23373952707,0.00028009992092847824,ok,,,0.0
E5,Kaggle tsp_dataset,#1598,41,Greedy,,617.5873638965146,0.00026020000223070383,ok,,,0.0
E5,Kaggle tsp_dataset,#1599,91,Greedy,,888.2287223423942,0.0016781999729573727,ok,,,0.0
E5,Kaggle tsp_dataset,#1600,74,Greedy,,804.433056107944,0.0009292999748140574,ok,,,0.0
E5,Kaggle tsp_dataset,#1601,76,Greedy,,793.9863404025497,0.0009967000223696232,ok,,,0.0
E5,Kaggle tsp_dataset,#1602,74,Greedy,,787.1223521765186,0.0008971999632194638,ok,,,0.0
E5,Kaggle tsp_dataset,#1603,23,Greedy,,401.6022694421006,8.560006972402334e-05,ok,,,0.0
E5,Kaggle tsp_dataset,#1604,42,Greedy,,642.3948843065496,0.00028499995823949575,ok,,,0.0
E5,Kaggle tsp_dataset,#1605,97,Greedy,,844.8010602278503,0.001668499899096787,ok,,,0.0
E5,Kaggle tsp_dataset,#1606,66,Greedy,,805.1151676618284,0.0006939000450074673,ok,,,0.0
E5,Kaggle tsp_dataset,#1607,56,Greedy,,688.4974839790386,0.0004931999137625098,ok,,,0.0
E5,Kaggle tsp_dataset,#1608,80,Greedy,,802.3899006719083,0.0010241999989375472,ok,,,0.0
E5,Kaggle tsp_dataset,#1609,43,Greedy,,637.1849543752635,0.00028149993158876896,ok,,,0.0
E5,Kaggle tsp_dataset,#1610,30,Greedy,,629.572876904416,0.00014409993309527636,ok,,,0.0
E5,Kaggle tsp_dataset,#1611,34,Greedy,,561.8926161486036,0.00017319992184638977,ok,,,0.0
E5,Kaggle tsp_dataset,#1612,50,Greedy,,670.0152214726721,0.00045169994700700045,ok,,,0.0
E5,Kaggle tsp_dataset,#1613,38,Greedy,,649.8691226736299,0.00023549993056803942,ok,,,0.0
E5,Kaggle tsp_dataset,#1614,68,Greedy,,798.0963719634253,0.0007814000127837062,ok,,,0.0
E5,Kaggle tsp_dataset,#1615,67,Greedy,,804.6306945918587,0.0007482999935746193,ok,,,0.0
E5,Kaggle tsp_dataset,#1616,80,Greedy,,872.0870045319778,0.0011346000246703625,ok,,,0.0
E5,Kaggle tsp_dataset,#1617,34,Greedy,,566.8352665554665,0.00017660006415098906,ok,,,0.0
E5,Kaggle tsp_dataset,#1618,47,Greedy,,618.0273401228096,0.0003736000508069992,ok,,,0.0
E5,Kaggle tsp_dataset,#1619,62,Greedy,,746.9114610387277,0.0006261999951675534,ok,,,0.0
E5,Kaggle tsp_dataset,#1620,60,Greedy,,829.1066742527901,0.0005986000178381801,ok,,,0.0
E5,Kaggle tsp_dataset,#1621,54,Greedy,,734.5421987668328,0.00046879996079951525,ok,,,0.0
E5,Kaggle tsp_dataset,#1622,47,Greedy,,656.8278736319272,0.0003350001061335206,ok,,,0.0
E5,Kaggle tsp_dataset,#1623,26,Greedy,,465.06608366129393,0.00011060002725571394,ok,,,0.0
E5,Kaggle tsp_dataset,#1624,30,Greedy,,510.8334037899999,0.00014260003808885813,ok,,,0.0
E5,Kaggle tsp_dataset,#1625,21,Greedy,,408.80112931208396,7.370009552687407e-05,ok,,,0.0
E5,Kaggle tsp_dataset,#1626,95,Greedy,,850.2080193924322,0.0017324000364169478,ok,,,0.0
E5,Kaggle tsp_dataset,#1627,29,Greedy,,531.8184901536177,0.0001441999338567257,ok,,,0.0
E5,Kaggle tsp_dataset,#1628,63,Greedy,,757.5162588511573,0.0006275000050663948,ok,,,0.0
E5,Kaggle tsp_dataset,#1629,87,Greedy,,911.2623750721091,0.001298599992878735,ok,,,0.0
E5,Kaggle tsp_dataset,#1630,90,Greedy,,840.9564077368527,0.001493800082243979,ok,,,0.0
E5,Kaggle tsp_dataset,#1631,86,Greedy,,836.9568944346391,0.0012843000004068017,ok,,,0.0
E5,Kaggle tsp_dataset,#1632,57,Greedy,,686.640469555463,0.0005033999914303422,ok,,,0.0
E5,Kaggle tsp_dataset,#1633,76,Greedy,,763.8634913469562,0.0009087000507861376,ok,,,0.0
E5,Kaggle tsp_dataset,#1634,80,Greedy,,848.7927923765787,0.001070900005288422,ok,,,0.0
E5,Kaggle tsp_dataset,#1635,84,Greedy,,928.2943926638543,0.0011837000492960215,ok,,,0.0
E5,Kaggle tsp_dataset,#1636,68,Greedy,,687.1214680852362,0.0007029999978840351,ok,,,0.0
E5,Kaggle tsp_dataset,#1637,75,Greedy,,723.1713206533634,0.0008721000049263239,ok,,,0.0
E5,Kaggle tsp_dataset,#1638,64,Greedy,,732.4837740419998,0.0006525999633595347,ok,,,0.0
E5,Kaggle tsp_dataset,#1639,42,Greedy,,581.1411610827295,0.0002709999680519104,ok,,,0.0
E5,Kaggle tsp_dataset,#1640,69,Greedy,,674.0599752480746,0.0008903000270947814,ok,,,0.0
E5,Kaggle tsp_dataset,#1641,65,Greedy,,790.9935564760107,0.0006943000480532646,ok,,,0.0
E5,Kaggle tsp_dataset,#1642,26,Greedy,,504.3770278517254,0.00010890001431107521,ok,,,0.0
E5,Kaggle tsp_dataset,#1643,36,Greedy,,555.1253003326448,0.00019459996838122606,ok,,,0.0
E5,Kaggle tsp_dataset,#1644,46,Greedy,,624.7628859284229,0.00031340005807578564,ok,,,0.0
E5,Kaggle tsp_dataset,#1645,95,Greedy,,950.8866535071735,0.0019809999503195286,ok,,,0.0
E5,Kaggle tsp_dataset,#1646,45,Greedy,,528.8675080142154,0.00033050007186830044,ok,,,0.0
E5,Kaggle tsp_dataset,#1647,24,Greedy,,489.7369283963927,9.510002564638853e-05,ok,,,0.0
E5,Kaggle tsp_dataset,#1648,62,Greedy,,720.9627818618522,0.0006078999722376466,ok,,,0.0
E5,Kaggle tsp_dataset,#1649,64,Greedy,,694.7791968249919,0.0006448999047279358,ok,,,0.0
E5,Kaggle tsp_dataset,#1650,58,Greedy,,778.9303319367274,0.0005462999688461423,ok,,,0.0
E5,Kaggle tsp_dataset,#1651,48,Greedy,,565.8163356375,0.00034769997000694275,ok,,,0.0
E5,Kaggle tsp_dataset,#1652,35,Greedy,,565.3064996023356,0.0001903000520542264,ok,,,0.0
E5,Kaggle tsp_dataset,#1653,66,Greedy,,807.2506946979347,0.0007229000329971313,ok,,,0.0
E5,Kaggle tsp_dataset,#1654,82,Greedy,,810.3163902180672,0.0010707000037655234,ok,,,0.0
E5,Kaggle tsp_dataset,#1655,75,Greedy,,740.0374693749324,0.0008677999721840024,ok,,,0.0
E5,Kaggle tsp_dataset,#1656,85,Greedy,,883.1979248672947,0.0012236000038683414,ok,,,0.0
E5,Kaggle tsp_dataset,#1657,99,Greedy,,901.2160499371694,0.0017615000251680613,ok,,,0.0
E5,Kaggle tsp_dataset,#1658,34,Greedy,,545.0380409699386,0.0001775000710040331,ok,,,0.0
E5,Kaggle tsp_dataset,#1659,60,Greedy,,774.933221777007,0.0005929999751970172,ok,,,0.0
E5,Kaggle tsp_dataset,#1660,57,Greedy,,705.3295531452274,0.0005336999893188477,ok,,,0.0
E5,Kaggle tsp_dataset,#1661,72,Greedy,,875.5499734643532,0.0008657000726088881,ok,,,0.0
E5,Kaggle tsp_dataset,#1662,79,Greedy,,871.388744414313,0.0011248000664636493,ok,,,0.0
E5,Kaggle tsp_dataset,#1663,56,Greedy,,759.5293984315581,0.0005017000949010253,ok,,,0.0
E5,Kaggle tsp_dataset,#1664,31,Greedy,,514.7333476130794,0.0001433000434190035,ok,,,0.0
E5,Kaggle tsp_dataset,#1665,60,Greedy,,789.0320880685043,0.0006513000698760152,ok,,,0.0
E5,Kaggle tsp_dataset,#1666,70,Greedy,,766.608254612539,0.000790499965660274,ok,,,0.0
E5,Kaggle tsp_dataset,#1667,55,Greedy,,742.6905989665718,0.00051249994430691,ok,,,0.0
E5,Kaggle tsp_dataset,#1668,55,Greedy,,642.5989691304509,0.00046170002315193415,ok,,,0.0
E5,Kaggle tsp_dataset,#1669,78,Greedy,,867.9415645631134,0.0011511000338941813,ok,,,0.0
E5,Kaggle tsp_dataset,#1670,49,Greedy,,610.3258735141745,0.0003618999617174268,ok,,,0.0
E5,Kaggle tsp_dataset,#1671,29,Greedy,,541.8896647055325,0.00012750003952533007,ok,,,0.0
E5,Kaggle tsp_dataset,#1672,99,Greedy,,889.2245958926576,0.001838900032453239,ok,,,0.0
E5,Kaggle tsp_dataset,#1673,92,Greedy,,822.9007027598834,0.0015133999986574054,ok,,,0.0
E5,Kaggle tsp_dataset,#1674,67,Greedy,,694.5339117579762,0.0007830000249668956,ok,,,0.0
E5,Kaggle tsp_dataset,#1675,51,Greedy,,633.9914801229729,0.0004054000601172447,ok,,,0.0
E5,Kaggle tsp_dataset,#1676,87,Greedy,,877.403019979626,0.001286399899981916,ok,,,0.0
E5,Kaggle tsp_dataset,#1677,26,Greedy,,459.9829283286055,0.00011090002954006195,ok,,,0.0
E5,Kaggle tsp_dataset,#1678,49,Greedy,,660.8737031445105,0.00037080002948641777,ok,,,0.0
E5,Kaggle tsp_dataset,#1679,66,Greedy,,731.4779694816375,0.0006774000357836485,ok,,,0.0
E5,Kaggle tsp_dataset,#1680,69,Greedy,,728.7617575469242,0.0008520999690517783,ok,,,0.0
E5,Kaggle tsp_dataset,#1681,23,Greedy,,405.3803413638284,8.68999632075429e-05,ok,,,0.0
E5,Kaggle tsp_dataset,#1682,91,Greedy,,845.5042728068723,0.0016014999710023403,ok,,,0.0
E5,Kaggle tsp_dataset,#1683,56,Greedy,,636.6634912966059,0.00048259994946420193,ok,,,0.0
E5,Kaggle tsp_dataset,#1684,81,Greedy,,801.6962947904879,0.0010597000364214182,ok,,,0.0
E5,Kaggle tsp_dataset,#1685,24,Greedy,,523.2182125385127,0.00010059995111078024,ok,,,0.0
E5,Kaggle tsp_dataset,#1686,75,Greedy,,722.8227213196875,0.0008854999905452132,ok,,,0.0
E5,Kaggle tsp_dataset,#1687,22,Greedy,,461.93591213091537,7.98000255599618e-05,ok,,,0.0
E5,Kaggle tsp_dataset,#1688,37,Greedy,,538.0037682305161,0.00019679998513311148,ok,,,0.0
E5,Kaggle tsp_dataset,#1689,20,Greedy,,371.751163892895,0.00012670003343373537,ok,,,0.0
E5,Kaggle tsp_dataset,#1690,43,Greedy,,582.2958945390156,0.0002767000114545226,ok,,,0.0
E5,Kaggle tsp_dataset,#1691,78,Greedy,,826.8117767946916,0.0009665000252425671,ok,,,0.0
E5,Kaggle tsp_dataset,#1692,80,Greedy,,741.7449757517585,0.001042200019583106,ok,,,0.0
E5,Kaggle tsp_dataset,#1693,92,Greedy,,864.8727728001859,0.0015984999481588602,ok,,,0.0
E5,Kaggle tsp_dataset,#1694,54,Greedy,,669.2409930703488,0.0004488000413402915,ok,,,0.0
E5,Kaggle tsp_dataset,#1695,72,Greedy,,812.247136616458,0.0008132000220939517,ok,,,0.0
E5,Kaggle tsp_dataset,#1696,29,Greedy,,584.3898368081466,0.00014020001981407404,ok,,,0.0
E5,Kaggle tsp_dataset,#1697,60,Greedy,,687.8569367543894,0.0005300999619066715,ok,,,0.0
E5,Kaggle tsp_dataset,#1698,78,Greedy,,795.9517687307473,0.001061400049366057,ok,,,0.0
E5,Kaggle tsp_dataset,#1699,35,Greedy,,663.0142714694201,0.00020060001406818628,ok,,,0.0
E5,Kaggle tsp_dataset,#1700,38,Greedy,,599.4159060570378,0.00022799998987466097,ok,,,0.0
E5,Kaggle tsp_dataset,#1701,51,Greedy,,787.7267429543022,0.0004217000678181648,ok,,,0.0
E5,Kaggle tsp_dataset,#1702,58,Greedy,,688.8044201617271,0.0005070000188425183,ok,,,0.0
E5,Kaggle tsp_dataset,#1703,69,Greedy,,805.0483318729737,0.0007765000918880105,ok,,,0.0
E5,Kaggle tsp_dataset,#1704,46,Greedy,,696.6269603057877,0.00040060002356767654,ok,,,0.0
E5,Kaggle tsp_dataset,#1705,40,Greedy,,630.9712611972,0.0002576999831944704,ok,,,0.0
E5,Kaggle tsp_dataset,#1706,67,Greedy,,711.6008006077249,0.0006772000342607498,ok,,,0.0
E5,Kaggle tsp_dataset,#1707,79,Greedy,,821.4606178190137,0.00101169990375638,ok,,,0.0
E5,Kaggle tsp_dataset,#1708,44,Greedy,,574.6639516113084,0.0002935999073088169,ok,,,0.0
E5,Kaggle tsp_dataset,#1709,56,Greedy,,735.0178875289753,0.00048239994794130325,ok,,,0.0
E5,Kaggle tsp_dataset,#1710,41,Greedy,,631.6690193655301,0.0002576999831944704,ok,,,0.0
E5,Kaggle tsp_dataset,#1711,27,Greedy,,560.0713943110148,0.00011659995652735233,ok,,,0.0
E5,Kaggle tsp_dataset,#1712,34,Greedy,,566.5537046792405,0.00021009996999055147,ok,,,0.0
E5,Kaggle tsp_dataset,#1713,66,Greedy,,747.5476573167246,0.0006661999505013227,ok,,,0.0
E5,Kaggle tsp_dataset,#1714,66,Greedy,,799.48502069854,0.0006547999801114202,ok,,,0.0
E5,Kaggle tsp_dataset,#1715,61,Greedy,,670.1469945731961,0.0005573000526055694,ok,,,0.0
E5,Kaggle tsp_dataset,#1716,85,Greedy,,837.4329947438595,0.0012908000499010086,ok,,,0.0
E5,Kaggle tsp_dataset,#1717,60,Greedy,,631.365932886868,0.000560999964363873,ok,,,0.0
E5,Kaggle tsp_dataset,#1718,72,Greedy,,897.9640921873213,0.0008873000042513013,ok,,,0.0
E5,Kaggle tsp_dataset,#1719,46,Greedy,,641.0442577419842,0.00032590003684163094,ok,,,0.0
E5,Kaggle tsp_dataset,#1720,47,Greedy,,686.8514129821906,0.00040909997187554836,ok,,,0.0
E5,Kaggle tsp_dataset,#1721,90,Greedy,,865.3236258617085,0.0015002000145614147,ok,,,0.0
E5,Kaggle tsp_dataset,#1722,71,Greedy,,833.7190397651061,0.0008675999706611037,ok,,,0.0
E5,Kaggle tsp_dataset,#1723,96,Greedy,,939.5766372889886,0.0017980999546125531,ok,,,0.0
E5,Kaggle tsp_dataset,#1724,34,Greedy,,579.5060011785021,0.00017500005196779966,ok,,,0.0
E5,Kaggle tsp_dataset,#1725,32,Greedy,,579.5051612619116,0.00015390000771731138,ok,,,0.0
E5,Kaggle tsp_dataset,#1726,22,Greedy,,462.9574113502197,8.139992132782936e-05,ok,,,0.0
E5,Kaggle tsp_dataset,#1727,41,Greedy,,559.998149193305,0.0002489000326022506,ok,,,0.0
E5,Kaggle tsp_dataset,#1728,33,Greedy,,570.633985446825,0.0001708000199869275,ok,,,0.0
E5,Kaggle tsp_dataset,#1729,64,Greedy,,708.6973876434237,0.0006648999406024814,ok,,,0.0
E5,Kaggle tsp_dataset,#1730,87,Greedy,,846.8910665920637,0.0014028999721631408,ok,,,0.0
E5,Kaggle tsp_dataset,#1731,67,Greedy,,792.9306525452075,0.000811800011433661,ok,,,0.0
E5,Kaggle tsp_dataset,#1732,71,Greedy,,824.1334320039181,0.00084760005120188,ok,,,0.0
E5,Kaggle tsp_dataset,#1733,90,Greedy,,824.1898801718561,0.0016334999818354845,ok,,,0.0
E5,Kaggle tsp_dataset,#1734,30,Greedy,,558.1457148068959,0.000157299917191267,ok,,,0.0
E5,Kaggle tsp_dataset,#1735,84,Greedy,,829.0609686691876,0.001320500043220818,ok,,,0.0
E5,Kaggle tsp_dataset,#1736,85,Greedy,,883.1100377619788,0.0013591001043096185,ok,,,0.0
E5,Kaggle tsp_dataset,#1737,92,Greedy,,885.9689981497544,0.001720299944281578,ok,,,0.0
E5,Kaggle tsp_dataset,#1738,78,Greedy,,880.0179226002007,0.0011378000490367413,ok,,,0.0
E5,Kaggle tsp_dataset,#1739,69,Greedy,,808.7333002675883,0.0009949000086635351,ok,,,0.0
E5,Kaggle tsp_dataset,#1740,21,Greedy,,480.1417587194323,8.309993427246809e-05,ok,,,0.0
E5,Kaggle tsp_dataset,#1741,84,Greedy,,789.504479871223,0.0011989999329671264,ok,,,0.0
E5,Kaggle tsp_dataset,#1742,69,Greedy,,778.5373075715778,0.0008026000577956438,ok,,,0.0
E5,Kaggle tsp_dataset,#1743,80,Greedy,,816.3238263962415,0.0012492999667301774,ok,,,0.0
E5,Kaggle tsp_dataset,#1744,56,Greedy,,741.6099761241148,0.0005540000274777412,ok,,,0.0
E5,Kaggle tsp_dataset,#1745,59,Greedy,,760.4138759486608,0.0005807999987155199,ok,,,0.0
E5,Kaggle tsp_dataset,#1746,89,Greedy,,825.6411895681254,0.0018633999861776829,ok,,,0.0
E5,Kaggle tsp_dataset,#1747,98,Greedy,,925.8452070633873,0.002737700007855892,ok,,,0.0
E5,Kaggle tsp_dataset,#1748,89,Greedy,,850.2285178147434,0.0013909999979659915,ok,,,0.0
E5,Kaggle tsp_dataset,#1749,48,Greedy,,692.7103251304125,0.0003792999777942896,ok,,,0.0
E5,Kaggle tsp_dataset,#1750,48,Greedy,,742.5880270554045,0.00038380001205950975,ok,,,0.0
E5,Kaggle tsp_dataset,#1751,35,Greedy,,522.3674450179205,0.00018620002083480358,ok,,,0.0
E5,Kaggle tsp_dataset,#1752,90,Greedy,,932.3843442585207,0.00173479993827641,ok,,,0.0
E5,Kaggle tsp_dataset,#1753,59,Greedy,,747.6710329288424,0.0005896999500691891,ok,,,0.0
E5,Kaggle tsp_dataset,#1754,41,Greedy,,523.1792500324663,0.0002706999657675624,ok,,,0.0
E5,Kaggle tsp_dataset,#1755,30,Greedy,,485.96822760896157,0.00013890000991523266,ok,,,0.0
E5,Kaggle tsp_dataset,#1756,44,Greedy,,657.1009599716335,0.0003029000945389271,ok,,,0.0
E5,Kaggle tsp_dataset,#1757,87,Greedy,,790.6495334911875,0.0013303000014275312,ok,,,0.0
E5,Kaggle tsp_dataset,#1758,79,Greedy,,764.1928038022759,0.0010387999936938286,ok,,,0.0
E5,Kaggle tsp_dataset,#1759,52,Greedy,,683.3654379847811,0.00044240010902285576,ok,,,0.0
E5,Kaggle tsp_dataset,#1760,90,Greedy,,858.6707844745052,0.001667100004851818,ok,,,0.0
E5,Kaggle tsp_dataset,#1761,46,Greedy,,704.3932245778718,0.00034229992888867855,ok,,,0.0
E5,Kaggle tsp_dataset,#1762,83,Greedy,,797.385802413775,0.0011304999934509397,ok,,,0.0
E5,Kaggle tsp_dataset,#1763,94,Greedy,,880.894153928388,0.0018785999855026603,ok,,,0.0
E5,Kaggle tsp_dataset,#1764,38,Greedy,,638.2103193906844,0.00023279991000890732,ok,,,0.0
E5,Kaggle tsp_dataset,#1765,64,Greedy,,807.0133871842155,0.0006825999589636922,ok,,,0.0
E5,Kaggle tsp_dataset,#1766,86,Greedy,,795.6819198143417,0.001272199908271432,ok,,,0.0
E5,Kaggle tsp_dataset,#1767,22,Greedy,,406.38547318379295,0.00010490010026842356,ok,,,0.0
E5,Kaggle tsp_dataset,#1768,29,Greedy,,522.994967515258,0.0001846000086516142,ok,,,0.0
E5,Kaggle tsp_dataset,#1769,68,Greedy,,791.9199063632049,0.0008212999673560262,ok,,,0.0
E5,Kaggle tsp_dataset,#1770,46,Greedy,,671.3847375890429,0.0003304999554529786,ok,,,0.0
E5,Kaggle tsp_dataset,#1771,63,Greedy,,702.5614656008883,0.0006364000728353858,ok,,,0.0
E5,Kaggle tsp_dataset,#1772,35,Greedy,,570.112510839258,0.00019970000721514225,ok,,,0.0
E5,Kaggle tsp_dataset,#1773,54,Greedy,,702.383190132822,0.00044869992416352034,ok,,,0.0
E5,Kaggle tsp_dataset,#1774,41,Greedy,,606.8207180146178,0.00027139997109770775,ok,,,0.0
E5,Kaggle tsp_dataset,#1775,39,Greedy,,640.8102386092959,0.0002470000181347132,ok,,,0.0
E5,Kaggle tsp_dataset,#1776,46,Greedy,,677.0791460503873,0.00033489998895674944,ok,,,0.0
E5,Kaggle tsp_dataset,#1777,40,Greedy,,580.2345356192207,0.0002509000478312373,ok,,,0.0
E5,Kaggle tsp_dataset,#1778,58,Greedy,,696.5097708788699,0.0007243000436574221,ok,,,0.0
E5,Kaggle tsp_dataset,#1779,32,Greedy,,471.68994452084263,0.0001599000534042716,ok,,,0.0
E5,Kaggle tsp_dataset,#1780,22,Greedy,,461.7529273609386,8.389994036406279e-05,ok,,,0.0
E5,Kaggle tsp_dataset,#1781,87,Greedy,,877.906218866536,0.0012477999553084373,ok,,,0.0
E5,Kaggle tsp_dataset,#1782,68,Greedy,,810.4159877170752,0.0007532000308856368,ok,,,0.0
E5,Kaggle tsp_dataset,#1783,33,Greedy,,571.4781683596071,0.0001756999408826232,ok,,,0.0
E5,Kaggle tsp_dataset,#1784,87,Greedy,,891.0182989592405,0.0013670999323949218,ok,,,0.0
E5,Kaggle tsp_dataset,#1785,82,Greedy,,873.2349110659186,0.001164000015705824,ok,,,0.0
E5,Kaggle tsp_dataset,#1786,62,Greedy,,663.7689432533566,0.0005836000200361013,ok,,,0.0
E5,Kaggle tsp_dataset,#1787,84,Greedy,,901.1869678877806,0.0011755999876186252,ok,,,0.0
E5,Kaggle tsp_dataset,#1788,25,Greedy,,497.319529668909,0.00010679999832063913,ok,,,0.0
E5,Kaggle tsp_dataset,#1789,43,Greedy,,599.2965137958959,0.00027350010350346565,ok,,,0.0
E5,Kaggle tsp_dataset,#1790,95,Greedy,,936.4675669561944,0.0018285999540239573,ok,,,0.0
E5,Kaggle tsp_dataset,#1791,28,Greedy,,374.385129475341,0.00012390001211315393,ok,,,0.0
E5,Kaggle tsp_dataset,#1792,70,Greedy,,780.8420102120181,0.0008440999081358314,ok,,,0.0
E5,Kaggle tsp_dataset,#1793,91,Greedy,,887.7432367705214,0.0015904000028967857,ok,,,0.0
E5,Kaggle tsp_dataset,#1794,65,Greedy,,754.0723896565648,0.0006902000168338418,ok,,,0.0
E5,Kaggle tsp_dataset,#1795,82,Greedy,,831.3418414146703,0.0010753999231383204,ok,,,0.0
E5,Kaggle tsp_dataset,#1796,60,Greedy,,798.6813998484599,0.0005859000375494361,ok,,,0.0
E5,Kaggle tsp_dataset,#1797,61,Greedy,,779.7390304521173,0.0005813000025227666,ok,,,0.0
E5,Kaggle tsp_dataset,#1798,66,Greedy,,794.295412996071,0.0007362000178545713,ok,,,0.0
E5,Kaggle tsp_dataset,#1799,98,Greedy,,917.9619457710714,0.0017544999718666077,ok,,,0.0
E5,Kaggle tsp_dataset,#1800,98,Greedy,,918.4064458236057,0.0018691999139264226,ok,,,0.0
E5,Kaggle tsp_dataset,#1801,44,Greedy,,670.9129707617284,0.0003152000717818737,ok,,,0.0
E5,Kaggle tsp_dataset,#1802,24,Greedy,,527.6909389737341,0.00010179996024817228,ok,,,0.0
E5,Kaggle tsp_dataset,#1803,74,Greedy,,828.575100342655,0.0008879000088199973,ok,,,0.0
E5,Kaggle tsp_dataset,#1804,71,Greedy,,766.4746681068307,0.0008264000061899424,ok,,,0.0
E5,Kaggle tsp_dataset,#1805,71,Greedy,,737.5519870233464,0.0008058000821620226,ok,,,0.0
E5,Kaggle tsp_dataset,#1806,51,Greedy,,679.523792295402,0.0004197000525891781,ok,,,0.0
E5,Kaggle tsp_dataset,#1807,59,Greedy,,791.7457996472551,0.0005937999812886119,ok,,,0.0
E5,Kaggle tsp_dataset,#1808,55,Greedy,,698.2649692669182,0.0004765000194311142,ok,,,0.0
E5,Kaggle tsp_dataset,#1809,79,Greedy,,886.2636350516487,0.0010635999497026205,ok,,,0.0
E5,Kaggle tsp_dataset,#1810,39,Greedy,,541.7471980092621,0.00023449992295354605,ok,,,0.0
E5,Kaggle tsp_dataset,#1811,35,Greedy,,459.5705959068506,0.00018700002692639828,ok,,,0.0
E5,Kaggle tsp_dataset,#1812,73,Greedy,,779.7452383534256,0.0008995999814942479,ok,,,0.0
E5,Kaggle tsp_dataset,#1813,63,Greedy,,719.7524992531676,0.0006284000119194388,ok,,,0.0
E5,Kaggle tsp_dataset,#1814,33,Greedy,,498.3750298097745,0.00017559994012117386,ok,,,0.0
E5,Kaggle tsp_dataset,#1815,32,Greedy,,639.0923084249858,0.0001713000237941742,ok,,,0.0
E5,Kaggle tsp_dataset,#1816,55,Greedy,,731.8519119089071,0.0004824999487027526,ok,,,0.0
E5,Kaggle tsp_dataset,#1817,61,Greedy,,652.5268589179642,0.0005830000154674053,ok,,,0.0
E5,Kaggle tsp_dataset,#1818,70,Greedy,,837.1133364059036,0.0008038000669330359,ok,,,0.0
E5,Kaggle tsp_dataset,#1819,83,Greedy,,911.8854741868864,0.0012586999218910933,ok,,,0.0
E5,Kaggle tsp_dataset,#1820,44,Greedy,,576.670920522168,0.00030479999259114265,ok,,,0.0
E5,Kaggle tsp_dataset,#1821,74,Greedy,,801.4447364629157,0.0008787000551819801,ok,,,0.0
E5,Kaggle tsp_dataset,#1822,65,Greedy,,725.8941199333572,0.0006848999764770269,ok,,,0.0
E5,Kaggle tsp_dataset,#1823,41,Greedy,,660.9341271755441,0.000278300023637712,ok,,,0.0
E5,Kaggle tsp_dataset,#1824,43,Greedy,,611.1203086791761,0.00028360006399452686,ok,,,0.0
E5,Kaggle tsp_dataset,#1825,50,Greedy,,676.6127160843142,0.00039850000757724047,ok,,,0.0
E5,Kaggle tsp_dataset,#1826,86,Greedy,,951.0567311687275,0.0012601999333128333,ok,,,0.0
E5,Kaggle tsp_dataset,#1827,24,Greedy,,500.2562924456106,9.470002260059118e-05,ok,,,0.0
E5,Kaggle tsp_dataset,#1828,97,Greedy,,949.252253858641,0.0016882000491023064,ok,,,0.0
E5,Kaggle tsp_dataset,#1829,46,Greedy,,725.371516915196,0.0003760999534279108,ok,,,0.0
E5,Kaggle tsp_dataset,#1830,75,Greedy,,822.2360795741431,0.0009195000166073442,ok,,,0.0
E5,Kaggle tsp_dataset,#1831,88,Greedy,,834.2107472100109,0.0012398000108078122,ok,,,0.0
E5,Kaggle tsp_dataset,#1832,99,Greedy,,810.1245910189333,0.001752600073814392,ok,,,0.0
E5,Kaggle tsp_dataset,#1833,42,Greedy,,583.1696015521582,0.00026490003801882267,ok,,,0.0
E5,Kaggle tsp_dataset,#1834,26,Greedy,,500.8644776949458,0.00010880001354962587,ok,,,0.0
E5,Kaggle tsp_dataset,#1835,74,Greedy,,815.8567062191854,0.000924800056964159,ok,,,0.0
E5,Kaggle tsp_dataset,#1836,73,Greedy,,821.7689155121185,0.000853799981996417,ok,,,0.0
E5,Kaggle tsp_dataset,#1837,97,Greedy,,796.4762756884535,0.002013999968767166,ok,,,0.0
E5,Kaggle tsp_dataset,#1838,77,Greedy,,924.8875650038185,0.0010480000637471676,ok,,,0.0
E5,Kaggle tsp_dataset,#1839,28,Greedy,,540.8081652173862,0.00012960005551576614,ok,,,0.0
E5,Kaggle tsp_dataset,#1840,92,Greedy,,871.3491964616956,0.001584600075148046,ok,,,0.0
E5,Kaggle tsp_dataset,#1841,42,Greedy,,636.3425913711162,0.0002956000389531255,ok,,,0.0
E5,Kaggle tsp_dataset,#1842,69,Greedy,,764.7316342374643,0.0007812000112608075,ok,,,0.0
E5,Kaggle tsp_dataset,#1843,98,Greedy,,920.8590533808873,0.0018863000441342592,ok,,,0.0
E5,Kaggle tsp_dataset,#1844,77,Greedy,,874.6226177066128,0.0011555999517440796,ok,,,0.0
E5,Kaggle tsp_dataset,#1845,35,Greedy,,524.1227266710538,0.00018910004291683435,ok,,,0.0
E5,Kaggle tsp_dataset,#1846,60,Greedy,,663.256780940213,0.0005481999833136797,ok,,,0.0
E5,Kaggle tsp_dataset,#1847,76,Greedy,,841.2218787894569,0.0009755999781191349,ok,,,0.0
E5,Kaggle tsp_dataset,#1848,21,Greedy,,440.4761137134435,7.399998139590025e-05,ok,,,0.0
E5,Kaggle tsp_dataset,#1849,30,Greedy,,535.9588032408119,0.00013639999087899923,ok,,,0.0
E5,Kaggle tsp_dataset,#1850,78,Greedy,,803.5081753846803,0.0010528001002967358,ok,,,0.0
E5,Kaggle tsp_dataset,#1851,30,Greedy,,424.9612570782047,0.00014000001829117537,ok,,,0.0
E5,Kaggle tsp_dataset,#1852,69,Greedy,,831.3411520354794,0.0007937999907881021,ok,,,0.0
E5,Kaggle tsp_dataset,#1853,69,Greedy,,815.4608891479543,0.0007621999830007553,ok,,,0.0
E5,Kaggle tsp_dataset,#1854,73,Greedy,,802.3290563784669,0.00084910006262362,ok,,,0.0
E5,Kaggle tsp_dataset,#1855,97,Greedy,,900.3012796957057,0.0018399999244138598,ok,,,0.0
E5,Kaggle tsp_dataset,#1856,23,Greedy,,485.50785271224925,9.109999518841505e-05,ok,,,0.0
E5,Kaggle tsp_dataset,#1857,72,Greedy,,811.7921462541483,0.0008303000358864665,ok,,,0.0
E5,Kaggle tsp_dataset,#1858,50,Greedy,,603.276431473407,0.0003795000957325101,ok,,,0.0
E5,Kaggle tsp_dataset,#1859,32,Greedy,,577.043326346795,0.0001604000572115183,ok,,,0.0
E5,Kaggle tsp_dataset,#1860,22,Greedy,,505.23806558462763,8.110003545880318e-05,ok,,,0.0
E5,Kaggle tsp_dataset,#1861,32,Greedy,,556.2370280825227,0.0001556000206619501,ok,,,0.0
E5,Kaggle tsp_dataset,#1862,26,Greedy,,488.33473741607577,0.00011140003334730864,ok,,,0.0
E5,Kaggle tsp_dataset,#1863,59,Greedy,,827.0099327779266,0.0005750999553129077,ok,,,0.0
E5,Kaggle tsp_dataset,#1864,56,Greedy,,644.567253722454,0.00048459996469318867,ok,,,0.0
E5,Kaggle tsp_dataset,#1865,67,Greedy,,721.3144934368838,0.0007254000520333648,ok,,,0.0
E5,Kaggle tsp_dataset,#1866,22,Greedy,,421.5492454924398,8.25000461190939e-05,ok,,,0.0
E5,Kaggle tsp_dataset,#1867,42,Greedy,,623.6126873431699,0.0002759000053629279,ok,,,0.0
E5,Kaggle tsp_dataset,#1868,38,Greedy,,626.7230147581577,0.00022510008420795202,ok,,,0.0
E5,Kaggle tsp_dataset,#1869,82,Greedy,,859.7912393510248,0.0011395999463275075,ok,,,0.0
E5,Kaggle tsp_dataset,#1870,49,Greedy,,658.9809001710759,0.0003839998971670866,ok,,,0.0
E5,Kaggle tsp_dataset,#1871,58,Greedy,,791.2442662518768,0.0005645999917760491,ok,,,0.0
E5,Kaggle tsp_dataset,#1872,98,Greedy,,914.2384339421767,0.002000599983148277,ok,,,0.0
E5,Kaggle tsp_dataset,#1873,92,Greedy,,841.3022834737001,0.0015050999354571104,ok,,,0.0
E5,Kaggle tsp_dataset,#1874,98,Greedy,,845.9427614680982,0.0019328000489622355,ok,,,0.0
E5,Kaggle tsp_dataset,#1875,34,Greedy,,588.949440322467,0.00019160006195306778,ok,,,0.0
E5,Kaggle tsp_dataset,#1876,52,Greedy,,681.1037341069917,0.0004362999461591244,ok,,,0.0
E5,Kaggle tsp_dataset,#1877,93,Greedy,,820.3931909817227,0.0015990999527275562,ok,,,0.0
E5,Kaggle tsp_dataset,#1878,45,Greedy,,702.4327293085537,0.0003360999980941415,ok,,,0.0
E5,Kaggle tsp_dataset,#1879,55,Greedy,,709.2183020843152,0.0004881999921053648,ok,,,0.0
E5,Kaggle tsp_dataset,#1880,85,Greedy,,816.5597762972342,0.0011883999686688185,ok,,,0.0
E5,Kaggle tsp_dataset,#1881,42,Greedy,,641.3699412657726,0.00026270002126693726,ok,,,0.0
E5,Kaggle tsp_dataset,#1882,88,Greedy,,905.9147222148847,0.0013217999367043376,ok,,,0.0
E5,Kaggle tsp_dataset,#1883,96,Greedy,,904.894282475272,0.0017689000815153122,ok,,,0.0
E5,Kaggle tsp_dataset,#1884,35,Greedy,,564.3152122435033,0.00019890000112354755,ok,,,0.0
E5,Kaggle tsp_dataset,#1885,90,Greedy,,960.6162765345925,0.0016141999512910843,ok,,,0.0
E5,Kaggle tsp_dataset,#1886,35,Greedy,,581.7867251844971,0.00019349996000528336,ok,,,0.0
E5,Kaggle tsp_dataset,#1887,44,Greedy,,576.6753292518769,0.00045059993863105774,ok,,,0.0
E5,Kaggle tsp_dataset,#1888,46,Greedy,,686.5628223443717,0.00035589991603046656,ok,,,0.0
E5,Kaggle tsp_dataset,#1889,47,Greedy,,654.1371215873128,0.00035630003549158573,ok,,,0.0
E5,Kaggle tsp_dataset,#1890,80,Greedy,,879.7527715664698,0.0011627000058069825,ok,,,0.0
E5,Kaggle tsp_dataset,#1891,74,Greedy,,795.048709781515,0.0008804999524727464,ok,,,0.0
E5,Kaggle tsp_dataset,#1892,92,Greedy,,827.819081222008,0.0016314999666064978,ok,,,0.0
E5,Kaggle tsp_dataset,#1893,98,Greedy,,875.8605472274432,0.0017390999710187316,ok,,,0.0
E5,Kaggle tsp_dataset,#1894,43,Greedy,,629.9079358301263,0.0002864999696612358,ok,,,0.0
E5,Kaggle tsp_dataset,#1895,77,Greedy,,750.3325796445823,0.0009769001044332981,ok,,,0.0
E5,Kaggle tsp_dataset,#1896,72,Greedy,,777.9373163659325,0.0008315000450238585,ok,,,0.0
E5,Kaggle tsp_dataset,#1897,56,Greedy,,754.9991726309265,0.0004835999570786953,ok,,,0.0
E5,Kaggle tsp_dataset,#1898,97,Greedy,,938.8874403400735,0.0017806999385356903,ok,,,0.0
E5,Kaggle tsp_dataset,#1899,60,Greedy,,704.3885927413884,0.0005619999719783664,ok,,,0.0
E5,Kaggle tsp_dataset,#1900,98,Greedy,,920.4557491982077,0.0018749999580904841,ok,,,0.0
E5,Kaggle tsp_dataset,#1901,59,Greedy,,779.5848936976809,0.000588499940931797,ok,,,0.0
E5,Kaggle tsp_dataset,#1902,76,Greedy,,754.4143372598392,0.0009083000477403402,ok,,,0.0
E5,Kaggle tsp_dataset,#1903,76,Greedy,,727.9872613493299,0.0010264000156894326,ok,,,0.0
E5,Kaggle tsp_dataset,#1904,36,Greedy,,524.3837473250362,0.00019449996761977673,ok,,,0.0
E5,Kaggle tsp_dataset,#1905,76,Greedy,,803.938037082613,0.0009832000359892845,ok,,,0.0
E5,Kaggle tsp_dataset,#1906,36,Greedy,,610.0454646587189,0.00020480004604905844,ok,,,0.0
E5,Kaggle tsp_dataset,#1907,82,Greedy,,791.8700934684109,0.0010876000160351396,ok,,,0.0
E5,Kaggle tsp_dataset,#1908,71,Greedy,,715.268378493911,0.0008103000000119209,ok,,,0.0
E5,Kaggle tsp_dataset,#1909,26,Greedy,,512.2969279950665,0.00011140003334730864,ok,,,0.0
E5,Kaggle tsp_dataset,#1910,28,Greedy,,471.98991745292545,0.00012280000373721123,ok,,,0.0
E5,Kaggle tsp_dataset,#1911,92,Greedy,,797.6267311667993,0.0014804999809712172,ok,,,0.0
E5,Kaggle tsp_dataset,#1912,80,Greedy,,809.2121392266292,0.0010234999936074018,ok,,,0.0
E5,Kaggle tsp_dataset,#1913,29,Greedy,,501.84421907302135,0.00013890000991523266,ok,,,0.0
E5,Kaggle tsp_dataset,#1914,74,Greedy,,824.4501937668593,0.0008623000467196107,ok,,,0.0
E5,Kaggle tsp_dataset,#1915,28,Greedy,,446.74611533642275,0.0001265999162569642,ok,,,0.0
E5,Kaggle tsp_dataset,#1916,36,Greedy,,484.8367703101171,0.0001919000642374158,ok,,,0.0
E5,Kaggle tsp_dataset,#1917,90,Greedy,,857.4265928989828,0.0014590000500902534,ok,,,0.0
E5,Kaggle tsp_dataset,#1918,24,Greedy,,528.1894146597565,9.240000508725643e-05,ok,,,0.0
E5,Kaggle tsp_dataset,#1919,77,Greedy,,849.7530385762424,0.0009645000100135803,ok,,,0.0
E5,Kaggle tsp_dataset,#1920,65,Greedy,,662.232651083463,0.0007034000009298325,ok,,,0.0
E5,Kaggle tsp_dataset,#1921,71,Greedy,,807.8810378356658,0.0008066999725997448,ok,,,0.0
E5,Kaggle tsp_dataset,#1922,93,Greedy,,901.5190755260835,0.0016561000375077128,ok,,,0.0
E5,Kaggle tsp_dataset,#1923,43,Greedy,,609.4163937820731,0.00027900002896785736,ok,,,0.0
E5,Kaggle tsp_dataset,#1924,51,Greedy,,744.9248141427591,0.00042889988981187344,ok,,,0.0
E5,Kaggle tsp_dataset,#1925,90,Greedy,,946.6885005681073,0.0015837999526411295,ok,,,0.0
E5,Kaggle tsp_dataset,#1926,95,Greedy,,911.5448129576284,0.0016747000627219677,ok,,,0.0
E5,Kaggle tsp_dataset,#1927,40,Greedy,,568.2753694618668,0.00029319990426301956,ok,,,0.0
E5,Kaggle tsp_dataset,#1928,99,Greedy,,886.3548693398174,0.0018433000659570098,ok,,,0.0
E5,Kaggle tsp_dataset,#1929,43,Greedy,,622.6782189353887,0.0002896999940276146,ok,,,0.0
E5,Kaggle tsp_dataset,#1930,74,Greedy,,805.7850814901991,0.0008696999866515398,ok,,,0.0
E5,Kaggle tsp_dataset,#1931,22,Greedy,,481.27619225213584,8.580007124692202e-05,ok,,,0.0
E5,Kaggle tsp_dataset,#1932,99,Greedy,,805.3472734367256,0.0018051000079140067,ok,,,0.0
E5,Kaggle tsp_dataset,#1933,20,Greedy,,456.05748427714997,7.00000673532486e-05,ok,,,0.0
E5,Kaggle tsp_dataset,#1934,34,Greedy,,585.7949115978928,0.00018049997743219137,ok,,,0.0
E5,Kaggle tsp_dataset,#1935,22,Greedy,,391.74888704622504,7.750000804662704e-05,ok,,,0.0
E5,Kaggle tsp_dataset,#1936,90,Greedy,,941.7145205639791,0.0016859000315889716,ok,,,0.0
E5,Kaggle tsp_dataset,#1937,76,Greedy,,846.3013530450418,0.0009437999688088894,ok,,,0.0
E5,Kaggle tsp_dataset,#1938,55,Greedy,,610.701754201716,0.0004440000047907233,ok,,,0.0
E5,Kaggle tsp_dataset,#1939,39,Greedy,,566.1261613018654,0.00022649997845292091,ok,,,0.0
E5,Kaggle tsp_dataset,#1940,54,Greedy,,635.4950906715545,0.00043830007780343294,ok,,,0.0
E5,Kaggle tsp_dataset,#1941,44,Greedy,,565.0550426218432,0.00030339998193085194,ok,,,0.0
E5,Kaggle tsp_dataset,#1942,43,Greedy,,628.2505548870694,0.0002867000875994563,ok,,,0.0
E5,Kaggle tsp_dataset,#1943,69,Greedy,,784.6742678718326,0.0007925999816507101,ok,,,0.0
E5,Kaggle tsp_dataset,#1944,42,Greedy,,625.2356320543877,0.00025779998395591974,ok,,,0.0
E5,Kaggle tsp_dataset,#1945,55,Greedy,,706.584070934711,0.000507500022649765,ok,,,0.0
E5,Kaggle tsp_dataset,#1946,36,Greedy,,576.5975713409986,0.0002055000513792038,ok,,,0.0
E5,Kaggle tsp_dataset,#1947,94,Greedy,,844.2141600826409,0.001649599988013506,ok,,,0.0
E5,Kaggle tsp_dataset,#1948,84,Greedy,,834.0783178234608,0.0011411000741645694,ok,,,0.0
E5,Kaggle tsp_dataset,#1949,77,Greedy,,842.7263602867752,0.0010610000463202596,ok,,,0.0
E5,Kaggle tsp_dataset,#1950,84,Greedy,,843.0337076647284,0.001360399997793138,ok,,,0.0
E5,Kaggle tsp_dataset,#1951,96,Greedy,,925.2222656799145,0.0017028999282047153,ok,,,0.0
E5,Kaggle tsp_dataset,#1952,23,Greedy,,465.2222303416722,8.79999715834856e-05,ok,,,0.0
E5,Kaggle tsp_dataset,#1953,33,Greedy,,555.0848634319126,0.0001772999530658126,ok,,,0.0
E5,Kaggle tsp_dataset,#1954,25,Greedy,,591.6257689449484,0.00010639999527484179,ok,,,0.0
E5,Kaggle tsp_dataset,#1955,79,Greedy,,769.2388125213603,0.000982999918051064,ok,,,0.0
E5,Kaggle tsp_dataset,#1956,65,Greedy,,680.2997621405281,0.0006359000690281391,ok,,,0.0
E5,Kaggle tsp_dataset,#1957,33,Greedy,,512.7269793424723,0.00016759999562054873,ok,,,0.0
E5,Kaggle tsp_dataset,#1958,74,Greedy,,813.0489627448038,0.0009153999853879213,ok,,,0.0
E5,Kaggle tsp_dataset,#1959,57,Greedy,,690.6565008698268,0.0004762999014928937,ok,,,0.0
E5,Kaggle tsp_dataset,#1960,70,Greedy,,699.2339613409088,0.00077629997394979,ok,,,0.0
E5,Kaggle tsp_dataset,#1961,76,Greedy,,852.6107574270011,0.0009471999946981668,ok,,,0.0
E5,Kaggle tsp_dataset,#1962,98,Greedy,,897.9130210433528,0.001916700042784214,ok,,,0.0
E5,Kaggle tsp_dataset,#1963,93,Greedy,,915.5018701134974,0.0016516000032424927,ok,,,0.0
E5,Kaggle tsp_dataset,#1964,52,Greedy,,573.9998764014364,0.0004069000715389848,ok,,,0.0
E5,Kaggle tsp_dataset,#1965,37,Greedy,,576.7321891466034,0.00021110009402036667,ok,,,0.0
E5,Kaggle tsp_dataset,#1966,25,Greedy,,472.5552512019338,9.930005762726068e-05,ok,,,0.0
E5,Kaggle tsp_dataset,#1967,31,Greedy,,557.3107914997163,0.00014809996355324984,ok,,,0.0
E5,Kaggle tsp_dataset,#1968,21,Greedy,,469.5727095420872,7.579999510198832e-05,ok,,,0.0
E5,Kaggle tsp_dataset,#1969,74,Greedy,,810.2619888599677,0.0008956999517977238,ok,,,0.0
E5,Kaggle tsp_dataset,#1970,61,Greedy,,728.1426359281314,0.000600299914367497,ok,,,0.0
E5,Kaggle tsp_dataset,#1971,97,Greedy,,965.2694690887698,0.00173510005697608,ok,,,0.0
E5,Kaggle tsp_dataset,#1972,81,Greedy,,720.4863278763834,0.0010657000821083784,ok,,,0.0
E5,Kaggle tsp_dataset,#1973,84,Greedy,,853.8907505590261,0.0013306000037118793,ok,,,0.0
E5,Kaggle tsp_dataset,#1974,28,Greedy,,536.9919661724039,0.0001284000463783741,ok,,,0.0
E5,Kaggle tsp_dataset,#1975,100,Greedy,,932.9180616268967,0.001975200022570789,ok,,,0.0
E5,Kaggle tsp_dataset,#1976,39,Greedy,,562.9938921811832,0.0002373000606894493,ok,,,0.0
E5,Kaggle tsp_dataset,#1977,45,Greedy,,594.81228347561,0.0004529000725597143,ok,,,0.0
E5,Kaggle tsp_dataset,#1978,33,Greedy,,595.6458366031275,0.00025589996948838234,ok,,,0.0
E5,Kaggle tsp_dataset,#1979,65,Greedy,,742.964933844106,0.0006924999179318547,ok,,,0.0
E5,Kaggle tsp_dataset,#1980,45,Greedy,,659.2894900827985,0.0003133000573143363,ok,,,0.0
E5,Kaggle tsp_dataset,#1981,57,Greedy,,777.4373758218479,0.0005384000251069665,ok,,,0.0
E5,Kaggle tsp_dataset,#1982,50,Greedy,,578.1450688818006,0.00039279996417462826,ok,,,0.0
E5,Kaggle tsp_dataset,#1983,36,Greedy,,563.7117023850686,0.0002098999684676528,ok,,,0.0
E5,Kaggle tsp_dataset,#1984,93,Greedy,,909.3502031053473,0.0020086999284103513,ok,,,0.0
E5,Kaggle tsp_dataset,#1985,45,Greedy,,615.2722544480682,0.0004437000025063753,ok,,,0.0
E5,Kaggle tsp_dataset,#1986,48,Greedy,,691.195027964084,0.00038769992534071207,ok,,,0.0
E5,Kaggle tsp_dataset,#1987,46,Greedy,,675.1294796605976,0.0006656999466940761,ok,,,0.0
E5,Kaggle tsp_dataset,#1988,46,Greedy,,645.3670941291639,0.000596199999563396,ok,,,0.0
E5,Kaggle tsp_dataset,#1989,81,Greedy,,799.7312898107767,0.0021496000699698925,ok,,,0.0
E5,Kaggle tsp_dataset,#1990,76,Greedy,,882.2396148873349,0.001788599998690188,ok,,,0.0
E5,Kaggle tsp_dataset,#1991,22,Greedy,,538.7506630130745,0.00014269992243498564,ok,,,0.0
E5,Kaggle tsp_dataset,#1992,71,Greedy,,802.0524476683246,0.0015842999564483762,ok,,,0.0
E5,Kaggle tsp_dataset,#1993,42,Greedy,,675.3626129948306,0.00034909998066723347,ok,,,0.0
E5,Kaggle tsp_dataset,#1994,69,Greedy,,821.8893818458508,0.0008810000726953149,ok,,,0.0
E5,Kaggle tsp_dataset,#1995,25,Greedy,,508.31194716162486,0.00011389993596822023,ok,,,0.0
E5,Kaggle tsp_dataset,#1996,63,Greedy,,723.2052476609929,0.0012318999506533146,ok,,,0.0
E5,Kaggle tsp_dataset,#1997,64,Greedy,,792.4030870943169,0.0006750000175088644,ok,,,0.0
E5,Kaggle tsp_dataset,#1998,59,Greedy,,633.1693092497615,0.0005674998974427581,ok,,,0.0
E5,Kaggle tsp_dataset,#1999,51,Greedy,,659.3047046007482,0.0004257999826222658,ok,,,0.0
E5,Kaggle tsp_dataset,#2000,58,Greedy,,685.5475292883727,0.0005232000257819891,ok,,,0.0
E5,Kaggle tsp_dataset,#2001,55,Greedy,,660.4411838858763,0.0004816000582650304,ok,,,0.0
E5,Kaggle tsp_dataset,#2002,22,Greedy,,506.88226899625033,8.41999426484108e-05,ok,,,0.0
E5,Kaggle tsp_dataset,#2003,26,Greedy,,528.7311582209172,0.00011739996261894703,ok,,,0.0
E5,Kaggle tsp_dataset,#2004,100,Greedy,,884.4549111733716,0.0018496999982744455,ok,,,0.0
E5,Kaggle tsp_dataset,#2005,74,Greedy,,779.3035921036375,0.0008653999539092183,ok,,,0.0
E5,Kaggle tsp_dataset,#2006,88,Greedy,,876.901166573337,0.0014798999764025211,ok,,,0.0
E5,Kaggle tsp_dataset,#2007,68,Greedy,,738.4832189063713,0.0007444999646395445,ok,,,0.0
E5,Kaggle tsp_dataset,#2008,100,Greedy,,1005.0996592344305,0.0020082000410184264,ok,,,0.0
E5,Kaggle tsp_dataset,#2009,47,Greedy,,708.179727934178,0.0004160000244155526,ok,,,0.0
E5,Kaggle tsp_dataset,#2010,63,Greedy,,702.75275793621,0.0006555999862030149,ok,,,0.0
E5,Kaggle tsp_dataset,#2011,45,Greedy,,602.224732564163,0.0003200999926775694,ok,,,0.0
E5,Kaggle tsp_dataset,#2012,99,Greedy,,862.4207534327222,0.0019406999927014112,ok,,,0.0
E5,Kaggle tsp_dataset,#2013,61,Greedy,,724.5193580193733,0.0006403001025319099,ok,,,0.0
E5,Kaggle tsp_dataset,#2014,100,Greedy,,878.802854185545,0.0019696999806910753,ok,,,0.0
E5,Kaggle tsp_dataset,#2015,23,Greedy,,526.4042255527398,9.630003478378057e-05,ok,,,0.0
E5,Kaggle tsp_dataset,#2016,24,Greedy,,510.6741395597745,0.00010279996786266565,ok,,,0.0
E5,Kaggle tsp_dataset,#2017,44,Greedy,,667.5905976516176,0.00030369998421519995,ok,,,0.0
E5,Kaggle tsp_dataset,#2018,58,Greedy,,673.7511900080041,0.0005145000759512186,ok,,,0.0
E5,Kaggle tsp_dataset,#2019,33,Greedy,,501.3054709194705,0.00016639998648315668,ok,,,0.0
E5,Kaggle tsp_dataset,#2020,100,Greedy,,887.0276620693888,0.001972600002773106,ok,,,0.0
E5,Kaggle tsp_dataset,#2021,27,Greedy,,485.84840016150537,0.0001238000113517046,ok,,,0.0
E5,Kaggle tsp_dataset,#2022,48,Greedy,,654.7610387308807,0.0003749999450519681,ok,,,0.0
E5,Kaggle tsp_dataset,#2023,31,Greedy,,601.595877990113,0.00015900004655122757,ok,,,0.0
E5,Kaggle tsp_dataset,#2024,92,Greedy,,895.010717667769,0.0016433000564575195,ok,,,0.0
E5,Kaggle tsp_dataset,#2025,73,Greedy,,704.8816176413202,0.0008677999721840024,ok,,,0.0
E5,Kaggle tsp_dataset,#2026,86,Greedy,,848.6873752907619,0.0012239000061526895,ok,,,0.0
E5,Kaggle tsp_dataset,#2027,98,Greedy,,935.0002799765621,0.0019183000549674034,ok,,,0.0
E5,Kaggle tsp_dataset,#2028,40,Greedy,,521.2495823929765,0.0002470000181347132,ok,,,0.0
E5,Kaggle tsp_dataset,#2029,29,Greedy,,550.5395251163848,0.00014049990568310022,ok,,,0.0
E5,Kaggle tsp_dataset,#2030,67,Greedy,,745.6792961846979,0.0007067000260576606,ok,,,0.0
E5,Kaggle tsp_dataset,#2031,92,Greedy,,824.7066826040458,0.001513299997895956,ok,,,0.0
E5,Kaggle tsp_dataset,#2032,83,Greedy,,894.6240180929891,0.0014389000134542584,ok,,,0.0
E5,Kaggle tsp_dataset,#2033,61,Greedy,,674.3608175382236,0.000588499940931797,ok,,,0.0
E5,Kaggle tsp_dataset,#2034,33,Greedy,,636.2018363601829,0.00017539993859827518,ok,,,0.0
E5,Kaggle tsp_dataset,#2035,89,Greedy,,796.0003421747298,0.001319900038652122,ok,,,0.0
E5,Kaggle tsp_dataset,#2036,25,Greedy,,525.2844096868774,0.00010790000669658184,ok,,,0.0
E5,Kaggle tsp_dataset,#2037,34,Greedy,,525.4562523751202,0.00017440004739910364,ok,,,0.0
E5,Kaggle tsp_dataset,#2038,98,Greedy,,955.1293495739897,0.001886500045657158,ok,,,0.0
E5,Kaggle tsp_dataset,#2039,28,Greedy,,564.9203391059049,0.00013360008597373962,ok,,,0.0
E5,Kaggle tsp_dataset,#2040,51,Greedy,,722.8663727674036,0.00042399996891617775,ok,,,0.0
E5,Kaggle tsp_dataset,#2041,24,Greedy,,477.30316757698864,9.300000965595245e-05,ok,,,0.0
E5,Kaggle tsp_dataset,#2042,49,Greedy,,709.6210579656404,0.0003632999723777175,ok,,,0.0
E5,Kaggle tsp_dataset,#2043,66,Greedy,,746.2974645260334,0.0006663999520242214,ok,,,0.0
E5,Kaggle tsp_dataset,#2044,95,Greedy,,818.6136530096132,0.0015839000698179007,ok,,,0.0
E5,Kaggle tsp_dataset,#2045,50,Greedy,,702.437237621878,0.0003687000134959817,ok,,,0.0
E5,Kaggle tsp_dataset,#2046,20,Greedy,,378.6821139153452,7.619999814778566e-05,ok,,,0.0
E5,Kaggle tsp_dataset,#2047,84,Greedy,,922.1714185729732,0.0012046999763697386,ok,,,0.0
E5,Kaggle tsp_dataset,#2048,99,Greedy,,905.8580164646866,0.0017933000344783068,ok,,,0.0
E5,Kaggle tsp_dataset,#2049,96,Greedy,,889.1015279095562,0.0017307999078184366,ok,,,0.0
E5,Kaggle tsp_dataset,#2050,43,Greedy,,555.5759496000695,0.000269399955868721,ok,,,0.0
E5,Kaggle tsp_dataset,#2051,89,Greedy,,821.2174311388263,0.0013612000038847327,ok,,,0.0
E5,Kaggle tsp_dataset,#2052,36,Greedy,,652.5741119345275,0.00021759991068392992,ok,,,0.0
E5,Kaggle tsp_dataset,#2053,82,Greedy,,799.5550616231377,0.001116700004786253,ok,,,0.0
E5,Kaggle tsp_dataset,#2054,35,Greedy,,558.0311425280787,0.00018750003073364496,ok,,,0.0
E5,Kaggle tsp_dataset,#2055,32,Greedy,,585.5085880376773,0.00016639998648315668,ok,,,0.0
E5,Kaggle tsp_dataset,#2056,81,Greedy,,866.4093256334072,0.001131800003349781,ok,,,0.0
E5,Kaggle tsp_dataset,#2057,86,Greedy,,758.3512967576479,0.0012261000229045749,ok,,,0.0
E5,Kaggle tsp_dataset,#2058,83,Greedy,,802.4971138656796,0.0012872000224888325,ok,,,0.0
E5,Kaggle tsp_dataset,#2059,46,Greedy,,604.3610425015441,0.00032700004521757364,ok,,,0.0
E5,Kaggle tsp_dataset,#2060,23,Greedy,,397.1835223922275,8.749996777623892e-05,ok,,,0.0
E5,Kaggle tsp_dataset,#2061,59,Greedy,,643.0762882316261,0.0005559000419452786,ok,,,0.0
E5,Kaggle tsp_dataset,#2062,39,Greedy,,609.7805371917705,0.00023770006373524666,ok,,,0.0
E5,Kaggle tsp_dataset,#2063,84,Greedy,,857.3981205399831,0.0012489000800997019,ok,,,0.0
E5,Kaggle tsp_dataset,#2064,23,Greedy,,440.0685856580266,9.200000204145908e-05,ok,,,0.0
E5,Kaggle tsp_dataset,#2065,88,Greedy,,933.3259732572187,0.0012943000765517354,ok,,,0.0
E5,Kaggle tsp_dataset,#2066,67,Greedy,,779.3196544522239,0.0006911000236868858,ok,,,0.0
E5,Kaggle tsp_dataset,#2067,98,Greedy,,886.2338056886749,0.0018657000036910176,ok,,,0.0
E5,Kaggle tsp_dataset,#2068,25,Greedy,,457.79379535447515,0.00010960001964122057,ok,,,0.0
E5,Kaggle tsp_dataset,#2069,96,Greedy,,936.8740407694717,0.0016692000208422542,ok,,,0.0
E5,Kaggle tsp_dataset,#2070,31,Greedy,,479.7302480999403,0.00014839996583759785,ok,,,0.0
E5,Kaggle tsp_dataset,#2071,96,Greedy,,820.5288211353029,0.0016910000704228878,ok,,,0.0
E5,Kaggle tsp_dataset,#2072,22,Greedy,,495.8608837805988,8.359993807971478e-05,ok,,,0.0
E5,Kaggle tsp_dataset,#2073,25,Greedy,,441.94346730514144,0.00010659999679774046,ok,,,0.0
E5,Kaggle tsp_dataset,#2074,84,Greedy,,865.1430987525795,0.0011527000460773706,ok,,,0.0
E5,Kaggle tsp_dataset,#2075,80,Greedy,,834.8598975235635,0.0010742000304162502,ok,,,0.0
E5,Kaggle tsp_dataset,#2076,87,Greedy,,859.5390840695236,0.0012530001113191247,ok,,,0.0
E5,Kaggle tsp_dataset,#2077,43,Greedy,,632.5894063537685,0.0002886001020669937,ok,,,0.0
E5,Kaggle tsp_dataset,#2078,59,Greedy,,710.4936220783835,0.0005508000031113625,ok,,,0.0
E5,Kaggle tsp_dataset,#2079,71,Greedy,,855.3700077435593,0.0008379999781027436,ok,,,0.0
E5,Kaggle tsp_dataset,#2080,81,Greedy,,784.0471258306125,0.0010264000156894326,ok,,,0.0
E5,Kaggle tsp_dataset,#2081,38,Greedy,,556.3156071528706,0.00021349999587982893,ok,,,0.0
E5,Kaggle tsp_dataset,#2082,70,Greedy,,711.7616052452216,0.0007371999090537429,ok,,,0.0
E5,Kaggle tsp_dataset,#2083,99,Greedy,,941.2253838123229,0.002037600032053888,ok,,,0.0
E5,Kaggle tsp_dataset,#2084,90,Greedy,,852.8074213222882,0.0014445999404415488,ok,,,0.0
E5,Kaggle tsp_dataset,#2085,58,Greedy,,714.0369716450429,0.0005318000912666321,ok,,,0.0
E5,Kaggle tsp_dataset,#2086,96,Greedy,,947.646096640914,0.0017636999255046248,ok,,,0.0
E5,Kaggle tsp_dataset,#2087,41,Greedy,,595.1822066400276,0.00027329998556524515,ok,,,0.0
E5,Kaggle tsp_dataset,#2088,44,Greedy,,596.4983533294545,0.00030890002381056547,ok,,,0.0
E5,Kaggle tsp_dataset,#2089,41,Greedy,,706.3075907847772,0.0002695999573916197,ok,,,0.0
E5,Kaggle tsp_dataset,#2090,23,Greedy,,436.4720870676257,8.510006591677666e-05,ok,,,0.0
E5,Kaggle tsp_dataset,#2091,31,Greedy,,544.8643571055679,0.00014979997649788857,ok,,,0.0
E5,Kaggle tsp_dataset,#2092,97,Greedy,,923.678352400642,0.0018239000346511602,ok,,,0.0
E5,Kaggle tsp_dataset,#2093,81,Greedy,,761.4453192943866,0.001018199953250587,ok,,,0.0
E5,Kaggle tsp_dataset,#2094,60,Greedy,,740.1484203457535,0.0005516000092029572,ok,,,0.0
E5,Kaggle tsp_dataset,#2095,88,Greedy,,867.7647312952794,0.0012301999377086759,ok,,,0.0
E5,Kaggle tsp_dataset,#2096,62,Greedy,,809.3582783095376,0.0006516999565064907,ok,,,0.0
E5,Kaggle tsp_dataset,#2097,32,Greedy,,580.5698641153208,0.0001629000762477517,ok,,,0.0
E5,Kaggle tsp_dataset,#2098,86,Greedy,,843.9867067753191,0.0011509000323712826,ok,,,0.0
E5,Kaggle tsp_dataset,#2099,56,Greedy,,741.9505971507353,0.0005105000454932451,ok,,,0.0
E5,Kaggle tsp_dataset,#2100,51,Greedy,,728.9327497618118,0.00041500001680105925,ok,,,0.0
E5,Kaggle tsp_dataset,#2101,88,Greedy,,886.0465463674976,0.0013328999048098922,ok,,,0.0
E5,Kaggle tsp_dataset,#2102,30,Greedy,,491.6427118840094,0.00014000001829117537,ok,,,0.0
E5,Kaggle tsp_dataset,#2103,56,Greedy,,650.6956134880835,0.00047109997831285,ok,,,0.0
E5,Kaggle tsp_dataset,#2104,26,Greedy,,458.6629653200625,0.0001113000325858593,ok,,,0.0
E5,Kaggle tsp_dataset,#2105,31,Greedy,,506.7068858289299,0.0001441999338567257,ok,,,0.0
E5,Kaggle tsp_dataset,#2106,89,Greedy,,914.7101575536116,0.0015103000914677978,ok,,,0.0
E5,Kaggle tsp_dataset,#2107,75,Greedy,,773.6919923579599,0.0008964999578893185,ok,,,0.0
E5,Kaggle tsp_dataset,#2108,56,Greedy,,747.6812962379753,0.0004605000140145421,ok,,,0.0
E5,Kaggle tsp_dataset,#2109,23,Greedy,,372.95024243487904,8.600007276982069e-05,ok,,,0.0
E5,Kaggle tsp_dataset,#2110,76,Greedy,,789.5408675886661,0.0009131999686360359,ok,,,0.0
E5,Kaggle tsp_dataset,#2111,35,Greedy,,556.1270587753413,0.00018740002997219563,ok,,,0.0
E5,Kaggle tsp_dataset,#2112,31,Greedy,,474.26103163181494,0.00014570006169378757,ok,,,0.0
E5,Kaggle tsp_dataset,#2113,97,Greedy,,904.327954455787,0.0016959999920800328,ok,,,0.0
E5,Kaggle tsp_dataset,#2114,96,Greedy,,890.8245772546823,0.0016625000862404704,ok,,,0.0
E5,Kaggle tsp_dataset,#2115,90,Greedy,,862.6413196476817,0.0014887999277561903,ok,,,0.0
E5,Kaggle tsp_dataset,#2116,95,Greedy,,891.3026285139142,0.001644300064072013,ok,,,0.0
E5,Kaggle tsp_dataset,#2117,78,Greedy,,901.5169441683603,0.001135599915869534,ok,,,0.0
E5,Kaggle tsp_dataset,#2118,81,Greedy,,812.7154531567664,0.0010666000889614224,ok,,,0.0
E5,Kaggle tsp_dataset,#2119,53,Greedy,,699.8273423767407,0.00044840003829449415,ok,,,0.0
E5,Kaggle tsp_dataset,#2120,56,Greedy,,712.7875215926786,0.00047149998135864735,ok,,,0.0
E5,Kaggle tsp_dataset,#2121,99,Greedy,,908.2654076107843,0.001756999990902841,ok,,,0.0
E5,Kaggle tsp_dataset,#2122,35,Greedy,,615.1995153841392,0.00018919992726296186,ok,,,0.0
E5,Kaggle tsp_dataset,#2123,24,Greedy,,444.44580299071043,9.26000066101551e-05,ok,,,0.0
E5,Kaggle tsp_dataset,#2124,88,Greedy,,795.7097032540405,0.0012178999604657292,ok,,,0.0
E5,Kaggle tsp_dataset,#2125,76,Greedy,,789.4052454756109,0.0008838999783620238,ok,,,0.0
E5,Kaggle tsp_dataset,#2126,76,Greedy,,785.4231675279059,0.0009191998979076743,ok,,,0.0
E5,Kaggle tsp_dataset,#2127,57,Greedy,,688.1926388366911,0.0004904000088572502,ok,,,0.0
E5,Kaggle tsp_dataset,#2128,78,Greedy,,859.9031948847463,0.0009800000116229057,ok,,,0.0
E5,Kaggle tsp_dataset,#2129,27,Greedy,,505.46997192102606,0.00011630007065832615,ok,,,0.0
E5,Kaggle tsp_dataset,#2130,90,Greedy,,917.3608428345141,0.0014489999739453197,ok,,,0.0
E5,Kaggle tsp_dataset,#2131,67,Greedy,,738.0873690852119,0.0006927000358700752,ok,,,0.0
E5,Kaggle tsp_dataset,#2132,99,Greedy,,833.4628493633284,0.0017556999810039997,ok,,,0.0
E5,Kaggle tsp_dataset,#2133,52,Greedy,,682.3538436605953,0.00042559998109936714,ok,,,0.0
E5,Kaggle tsp_dataset,#2134,69,Greedy,,796.4688563280338,0.000748799997381866,ok,,,0.0
E5,Kaggle tsp_dataset,#2135,60,Greedy,,687.4613217316765,0.0005423999391496181,ok,,,0.0
E5,Kaggle tsp_dataset,#2136,28,Greedy,,546.1027186998791,0.0001235000090673566,ok,,,0.0
E5,Kaggle tsp_dataset,#2137,30,Greedy,,532.6129975474321,0.00013960001524537802,ok,,,0.0
E5,Kaggle tsp_dataset,#2138,94,Greedy,,886.8884342021962,0.0018626999808475375,ok,,,0.0
E5,Kaggle tsp_dataset,#2139,98,Greedy,,994.8599469265789,0.0017601000145077705,ok,,,0.0
E5,Kaggle tsp_dataset,#2140,56,Greedy,,621.8034637264125,0.0004683999577537179,ok,,,0.0
E5,Kaggle tsp_dataset,#2141,68,Greedy,,766.014063422232,0.0008426000131294131,ok,,,0.0
E5,Kaggle tsp_dataset,#2142,51,Greedy,,736.1453464979427,0.0004192000487819314,ok,,,0.0
E5,Kaggle tsp_dataset,#2143,78,Greedy,,780.5501840832046,0.000992799992673099,ok,,,0.0
E5,Kaggle tsp_dataset,#2144,57,Greedy,,633.0636046680474,0.0004876999882981181,ok,,,0.0
E5,Kaggle tsp_dataset,#2145,52,Greedy,,704.2895573053951,0.0004160000244155526,ok,,,0.0
E5,Kaggle tsp_dataset,#2146,60,Greedy,,667.2274273394212,0.000569300027564168,ok,,,0.0
E5,Kaggle tsp_dataset,#2147,59,Greedy,,723.9476324128726,0.0005676998989656568,ok,,,0.0
E5,Kaggle tsp_dataset,#2148,51,Greedy,,718.5569794865002,0.0004224000731483102,ok,,,0.0
E5,Kaggle tsp_dataset,#2149,65,Greedy,,781.2323949166143,0.0006844999734312296,ok,,,0.0
E5,Kaggle tsp_dataset,#2150,41,Greedy,,589.8057846156984,0.00024860003031790257,ok,,,0.0
E5,Kaggle tsp_dataset,#2151,58,Greedy,,753.0527555525579,0.0005265000509098172,ok,,,0.0
E5,Kaggle tsp_dataset,#2152,67,Greedy,,785.530520580008,0.0007084999233484268,ok,,,0.0
E5,Kaggle tsp_dataset,#2153,62,Greedy,,694.0746917504516,0.0006434000097215176,ok,,,0.0
E5,Kaggle tsp_dataset,#2154,86,Greedy,,842.546288424959,0.001193900010548532,ok,,,0.0
E5,Kaggle tsp_dataset,#2155,94,Greedy,,985.3404446848598,0.001644900068640709,ok,,,0.0
E5,Kaggle tsp_dataset,#2156,100,Greedy,,991.1157607208328,0.0020123999565839767,ok,,,0.0
E5,Kaggle tsp_dataset,#2157,43,Greedy,,580.9108285258797,0.0002762000076472759,ok,,,0.0
E5,Kaggle tsp_dataset,#2158,63,Greedy,,719.0792465590766,0.0006315000355243683,ok,,,0.0
E5,Kaggle tsp_dataset,#2159,53,Greedy,,688.0732982969403,0.00046390003990381956,ok,,,0.0
E5,Kaggle tsp_dataset,#2160,60,Greedy,,817.7150405672289,0.0005795001052320004,ok,,,0.0
E5,Kaggle tsp_dataset,#2161,64,Greedy,,793.2148957962918,0.0007512000156566501,ok,,,0.0
E5,Kaggle tsp_dataset,#2162,38,Greedy,,636.8619140085655,0.00024009996559470892,ok,,,0.0
E5,Kaggle tsp_dataset,#2163,41,Greedy,,605.6125668830091,0.0002546999603509903,ok,,,0.0
E5,Kaggle tsp_dataset,#2164,100,Greedy,,913.2957313433841,0.0017791999271139503,ok,,,0.0
E5,Kaggle tsp_dataset,#2165,57,Greedy,,728.7840108535431,0.0005381000228226185,ok,,,0.0
E5,Kaggle tsp_dataset,#2166,64,Greedy,,777.667815021099,0.0007594999624416232,ok,,,0.0
E5,Kaggle tsp_dataset,#2167,43,Greedy,,637.2683999730097,0.00030419998802244663,ok,,,0.0
E5,Kaggle tsp_dataset,#2168,80,Greedy,,896.267701666556,0.001097199972718954,ok,,,0.0
E5,Kaggle tsp_dataset,#2169,66,Greedy,,728.8922123286646,0.0006900000153109431,ok,,,0.0
E5,Kaggle tsp_dataset,#2170,43,Greedy,,605.3836502959593,0.00029660004656761885,ok,,,0.0
E5,Kaggle tsp_dataset,#2171,90,Greedy,,814.8045116771226,0.0016590000595897436,ok,,,0.0
E5,Kaggle tsp_dataset,#2172,69,Greedy,,769.7113434761919,0.0008138000266626477,ok,,,0.0
E5,Kaggle tsp_dataset,#2173,96,Greedy,,813.6946960148863,0.001677999971434474,ok,,,0.0
E5,Kaggle tsp_dataset,#2174,26,Greedy,,412.3992959890036,0.00010810000821948051,ok,,,0.0
E5,Kaggle tsp_dataset,#2175,57,Greedy,,722.0544850881072,0.0004981999518349767,ok,,,0.0
E5,Kaggle tsp_dataset,#2176,85,Greedy,,799.7776986421827,0.0012284000404179096,ok,,,0.0
E5,Kaggle tsp_dataset,#2177,55,Greedy,,663.9381486027952,0.000457499991171062,ok,,,0.0
E5,Kaggle tsp_dataset,#2178,43,Greedy,,592.0135913519821,0.0002785000251606107,ok,,,0.0
E5,Kaggle tsp_dataset,#2179,92,Greedy,,884.2377784362667,0.001753399963490665,ok,,,0.0
E5,Kaggle tsp_dataset,#2180,72,Greedy,,658.5285969492663,0.0008437000215053558,ok,,,0.0
E5,Kaggle tsp_dataset,#2181,63,Greedy,,761.9558277958369,0.0006673999596387148,ok,,,0.0
E5,Kaggle tsp_dataset,#2182,55,Greedy,,638.7778330427169,0.00048589997459203005,ok,,,0.0
E5,Kaggle tsp_dataset,#2183,45,Greedy,,581.739526916604,0.0003195999888703227,ok,,,0.0
E5,Kaggle tsp_dataset,#2184,59,Greedy,,716.636695523038,0.0007559000514447689,ok,,,0.0
E5,Kaggle tsp_dataset,#2185,47,Greedy,,762.5448509123752,0.0003625000827014446,ok,,,0.0
E5,Kaggle tsp_dataset,#2186,23,Greedy,,435.2831392496927,9.029998909682035e-05,ok,,,0.0
E5,Kaggle tsp_dataset,#2187,100,Greedy,,860.6313025766899,0.0020006000995635986,ok,,,0.0
E5,Kaggle tsp_dataset,#2188,58,Greedy,,656.8870354188065,0.0005091000348329544,ok,,,0.0
E5,Kaggle tsp_dataset,#2189,59,Greedy,,686.6104296545589,0.0005569999339058995,ok,,,0.0
E5,Kaggle tsp_dataset,#2190,95,Greedy,,895.6242552353792,0.0018218999030068517,ok,,,0.0
E5,Kaggle tsp_dataset,#2191,76,Greedy,,787.7948771552071,0.0009039000142365694,ok,,,0.0
E5,Kaggle tsp_dataset,#2192,80,Greedy,,934.0905657271977,0.0011297999881207943,ok,,,0.0
E5,Kaggle tsp_dataset,#2193,43,Greedy,,568.5303699433498,0.0002899999963119626,ok,,,0.0
E5,Kaggle tsp_dataset,#2194,86,Greedy,,843.3880559770929,0.0012248000130057335,ok,,,0.0
E5,Kaggle tsp_dataset,#2195,28,Greedy,,419.2090860178789,0.0001246999017894268,ok,,,0.0
E5,Kaggle tsp_dataset,#2196,47,Greedy,,587.6127182010804,0.00033930002246052027,ok,,,0.0
E5,Kaggle tsp_dataset,#2197,49,Greedy,,699.634344957037,0.00045519997365772724,ok,,,0.0
E5,Kaggle tsp_dataset,#2198,35,Greedy,,492.66878484056474,0.00020159990526735783,ok,,,0.0
E5,Kaggle tsp_dataset,#2199,86,Greedy,,795.2370236878539,0.0012073999969288707,ok,,,0.0
E5,Kaggle tsp_dataset,#2200,96,Greedy,,921.220008148431,0.0019975999603047967,ok,,,0.0
E5,Kaggle tsp_dataset,#2201,50,Greedy,,720.0830034734405,0.0004115001065656543,ok,,,0.0
E5,Kaggle tsp_dataset,#2202,67,Greedy,,785.28342895079,0.0007205000147223473,ok,,,0.0
E5,Kaggle tsp_dataset,#2203,51,Greedy,,683.4407426246311,0.00043029990047216415,ok,,,0.0
E5,Kaggle tsp_dataset,#2204,35,Greedy,,578.0386857661207,0.00019180006347596645,ok,,,0.0
E5,Kaggle tsp_dataset,#2205,76,Greedy,,884.001081525737,0.0010264999000355601,ok,,,0.0
E5,Kaggle tsp_dataset,#2206,52,Greedy,,667.3056192025662,0.0004235999658703804,ok,,,0.0
E5,Kaggle tsp_dataset,#2207,73,Greedy,,777.7366663273493,0.0008583000162616372,ok,,,0.0
E5,Kaggle tsp_dataset,#2208,86,Greedy,,881.1629797130993,0.0012879000278189778,ok,,,0.0
E5,Kaggle tsp_dataset,#2209,98,Greedy,,969.6894094010181,0.001992400037124753,ok,,,0.0
E5,Kaggle tsp_dataset,#2210,29,Greedy,,552.15863341369,0.0001335000852122903,ok,,,0.0
E5,Kaggle tsp_dataset,#2211,70,Greedy,,818.1498805519508,0.0008056999649852514,ok,,,0.0
E5,Kaggle tsp_dataset,#2212,50,Greedy,,693.381123387695,0.0003978000022470951,ok,,,0.0
E5,Kaggle tsp_dataset,#2213,74,Greedy,,815.0261767169427,0.0009762999834492803,ok,,,0.0
E5,Kaggle tsp_dataset,#2214,54,Greedy,,750.7064227135389,0.0005509000038728118,ok,,,0.0
E5,Kaggle tsp_dataset,#2215,96,Greedy,,878.5984386706346,0.001730400021187961,ok,,,0.0
E5,Kaggle tsp_dataset,#2216,47,Greedy,,636.8455280706416,0.0003464000765234232,ok,,,0.0
E5,Kaggle tsp_dataset,#2217,98,Greedy,,928.3668757128327,0.0018309000879526138,ok,,,0.0
E5,Kaggle tsp_dataset,#2218,49,Greedy,,636.2078151285264,0.0003701000241562724,ok,,,0.0
E5,Kaggle tsp_dataset,#2219,38,Greedy,,650.7353359314596,0.0002389000728726387,ok,,,0.0
E5,Kaggle tsp_dataset,#2220,91,Greedy,,881.4760163093913,0.0018859000410884619,ok,,,0.0
E5,Kaggle tsp_dataset,#2221,40,Greedy,,573.0881722180432,0.0002522999420762062,ok,,,0.0
E5,Kaggle tsp_dataset,#2222,43,Greedy,,657.4085429268997,0.00027710001450031996,ok,,,0.0
E5,Kaggle tsp_dataset,#2223,80,Greedy,,765.8061849003226,0.0010390999959781766,ok,,,0.0
E5,Kaggle tsp_dataset,#2224,36,Greedy,,617.9851479671851,0.000202300027012825,ok,,,0.0
E5,Kaggle tsp_dataset,#2225,52,Greedy,,664.7497760706113,0.00042020005639642477,ok,,,0.0
E5,Kaggle tsp_dataset,#2226,26,Greedy,,548.0697042789632,0.00011330004781484604,ok,,,0.0
E5,Kaggle tsp_dataset,#2227,61,Greedy,,769.3501502718876,0.0007996999192982912,ok,,,0.0
E5,Kaggle tsp_dataset,#2228,95,Greedy,,941.8443088973831,0.0019378999713808298,ok,,,0.0
E5,Kaggle tsp_dataset,#2229,26,Greedy,,479.65657436576316,0.00011380005162209272,ok,,,0.0
E5,Kaggle tsp_dataset,#2230,52,Greedy,,618.7439264575546,0.0004264999879524112,ok,,,0.0
E5,Kaggle tsp_dataset,#2231,41,Greedy,,539.449920388157,0.0002503999276086688,ok,,,0.0
E5,Kaggle tsp_dataset,#2232,43,Greedy,,642.6745942065161,0.0002987000625580549,ok,,,0.0
E5,Kaggle tsp_dataset,#2233,58,Greedy,,699.7905758572958,0.0005478999810293317,ok,,,0.0
E5,Kaggle tsp_dataset,#2234,65,Greedy,,716.2756022280607,0.0006952999392524362,ok,,,0.0
E5,Kaggle tsp_dataset,#2235,96,Greedy,,932.0227291120071,0.0018255000468343496,ok,,,0.0
E5,Kaggle tsp_dataset,#2236,54,Greedy,,748.3766435098587,0.0004681000718846917,ok,,,0.0
E5,Kaggle tsp_dataset,#2237,44,Greedy,,608.2950861405628,0.0003065000055357814,ok,,,0.0
E5,Kaggle tsp_dataset,#2238,85,Greedy,,793.0009312395614,0.0011829999275505543,ok,,,0.0
E5,Kaggle tsp_dataset,#2239,29,Greedy,,513.966684334274,0.0001343999756500125,ok,,,0.0
E5,Kaggle tsp_dataset,#2240,87,Greedy,,895.9421358603521,0.0012471999507397413,ok,,,0.0
E5,Kaggle tsp_dataset,#2241,29,Greedy,,506.33796222006384,0.00014169991482049227,ok,,,0.0
E5,Kaggle tsp_dataset,#2242,94,Greedy,,749.7592263514489,0.0015691999578848481,ok,,,0.0
E5,Kaggle tsp_dataset,#2243,94,Greedy,,927.5483429754961,0.0019290999043732882,ok,,,0.0
E5,Kaggle tsp_dataset,#2244,36,Greedy,,550.0106773972183,0.00019529997371137142,ok,,,0.0
E5,Kaggle tsp_dataset,#2245,23,Greedy,,419.33415992047213,8.510006591677666e-05,ok,,,0.0
E5,Kaggle tsp_dataset,#2246,56,Greedy,,706.2455292905034,0.0004824999487027526,ok,,,0.0
E5,Kaggle tsp_dataset,#2247,51,Greedy,,684.4580622935822,0.0004016999155282974,ok,,,0.0
E5,Kaggle tsp_dataset,#2248,53,Greedy,,753.9443038502692,0.0004415001021698117,ok,,,0.0
E5,Kaggle tsp_dataset,#2249,43,Greedy,,631.7020525428206,0.00028090004343539476,ok,,,0.0
E5,Kaggle tsp_dataset,#2250,32,Greedy,,499.91699171335324,0.0001509999856352806,ok,,,0.0
E5,Kaggle tsp_dataset,#2251,70,Greedy,,730.3420755984864,0.0007480999920517206,ok,,,0.0
E5,Kaggle tsp_dataset,#2252,36,Greedy,,548.2898550574897,0.00019809999503195286,ok,,,0.0
E5,Kaggle tsp_dataset,#2253,66,Greedy,,736.2553202253399,0.0007182999979704618,ok,,,0.0
E5,Kaggle tsp_dataset,#2254,73,Greedy,,744.7981559343615,0.0008142000297084451,ok,,,0.0
E5,Kaggle tsp_dataset,#2255,92,Greedy,,880.0762028529515,0.001576300011947751,ok,,,0.0
E5,Kaggle tsp_dataset,#2256,86,Greedy,,783.5210317143607,0.0012222999939695,ok,,,0.0
E5,Kaggle tsp_dataset,#2257,41,Greedy,,638.0338394530296,0.0002615000121295452,ok,,,0.0
E5,Kaggle tsp_dataset,#2258,34,Greedy,,620.7750500100155,0.00018450000789016485,ok,,,0.0
E5,Kaggle tsp_dataset,#2259,67,Greedy,,773.2053213917894,0.0007480999920517206,ok,,,0.0
E5,Kaggle tsp_dataset,#2260,93,Greedy,,875.0113726170421,0.0015296000055968761,ok,,,0.0
E5,Kaggle tsp_dataset,#2261,70,Greedy,,810.8284918441341,0.0007669000187888741,ok,,,0.0
E5,Kaggle tsp_dataset,#2262,59,Greedy,,648.797152201783,0.0005168999778106809,ok,,,0.0
E5,Kaggle tsp_dataset,#2263,21,Greedy,,547.4796704425524,7.880001794546843e-05,ok,,,0.0
E5,Kaggle tsp_dataset,#2264,61,Greedy,,761.4535747171971,0.000622499966993928,ok,,,0.0
E5,Kaggle tsp_dataset,#2265,72,Greedy,,695.5498705207107,0.0008069999748840928,ok,,,0.0
E5,Kaggle tsp_dataset,#2266,75,Greedy,,753.8934890849308,0.0009125999640673399,ok,,,0.0
E5,Kaggle tsp_dataset,#2267,78,Greedy,,833.3410687519622,0.0010745000327005982,ok,,,0.0
E5,Kaggle tsp_dataset,#2268,73,Greedy,,819.9285173054109,0.0008491999469697475,ok,,,0.0
E5,Kaggle tsp_dataset,#2269,94,Greedy,,1005.5776317646572,0.0016598000656813383,ok,,,0.0
E5,Kaggle tsp_dataset,#2270,81,Greedy,,860.8981794343821,0.0010572000173851848,ok,,,0.0
E5,Kaggle tsp_dataset,#2271,86,Greedy,,877.7817334662772,0.0012012000661343336,ok,,,0.0
E5,Kaggle tsp_dataset,#2272,79,Greedy,,919.1001386311304,0.001066999975591898,ok,,,0.0
E5,Kaggle tsp_dataset,#2273,99,Greedy,,819.3216068197119,0.0017604000167921185,ok,,,0.0
E5,Kaggle tsp_dataset,#2274,60,Greedy,,768.3353091048236,0.0005614999681711197,ok,,,0.0
E5,Kaggle tsp_dataset,#2275,75,Greedy,,811.3584386018474,0.000954899936914444,ok,,,0.0
E5,Kaggle tsp_dataset,#2276,66,Greedy,,709.885505439666,0.0006924000335857272,ok,,,0.0
E5,Kaggle tsp_dataset,#2277,69,Greedy,,813.3049189089005,0.0008206999627873302,ok,,,0.0
E5,Kaggle tsp_dataset,#2278,80,Greedy,,789.8114042651034,0.0010012999409809709,ok,,,0.0
E5,Kaggle tsp_dataset,#2279,64,Greedy,,688.5079275551543,0.0006137999007478356,ok,,,0.0
E5,Kaggle tsp_dataset,#2280,100,Greedy,,1011.8435758237464,0.0019546999828889966,ok,,,0.0
E5,Kaggle tsp_dataset,#2281,67,Greedy,,807.8106153890116,0.0007467000978067517,ok,,,0.0
E5,Kaggle tsp_dataset,#2282,86,Greedy,,896.5949297424918,0.001261599943973124,ok,,,0.0
E5,Kaggle tsp_dataset,#2283,49,Greedy,,642.9770973803356,0.00035170000046491623,ok,,,0.0
E5,Kaggle tsp_dataset,#2284,99,Greedy,,915.1986008721602,0.0019710001070052385,ok,,,0.0
E5,Kaggle tsp_dataset,#2285,67,Greedy,,745.8926993765875,0.0007255000527948141,ok,,,0.0
E5,Kaggle tsp_dataset,#2286,75,Greedy,,798.242762572488,0.0010145999258384109,ok,,,0.0
E5,Kaggle tsp_dataset,#2287,56,Greedy,,723.6138204694905,0.0006890000076964498,ok,,,0.0
E5,Kaggle tsp_dataset,#2288,31,Greedy,,564.0150216989332,0.00015219999477267265,ok,,,0.0
E5,Kaggle tsp_dataset,#2289,67,Greedy,,750.760034127032,0.0007158000953495502,ok,,,0.0
E5,Kaggle tsp_dataset,#2290,33,Greedy,,537.3385089390526,0.00016380008310079575,ok,,,0.0
E5,Kaggle tsp_dataset,#2291,100,Greedy,,836.1449466350265,0.0020456999773159623,ok,,,0.0
E5,Kaggle tsp_dataset,#2292,21,Greedy,,386.8836045827477,7.930002175271511e-05,ok,,,0.0
E5,Kaggle tsp_dataset,#2293,68,Greedy,,712.7075924134824,0.0008058999665081501,ok,,,0.0
E5,Kaggle tsp_dataset,#2294,48,Greedy,,685.4340611512324,0.0003613999579101801,ok,,,0.0
E5,Kaggle tsp_dataset,#2295,58,Greedy,,647.6760722996843,0.0005276000592857599,ok,,,0.0
E5,Kaggle tsp_dataset,#2296,20,Greedy,,440.951624634028,6.790005136281252e-05,ok,,,0.0
E5,Kaggle tsp_dataset,#2297,48,Greedy,,677.3887410351564,0.00034509995020926,ok,,,0.0
E5,Kaggle tsp_dataset,#2298,42,Greedy,,651.1125008886132,0.0002617000136524439,ok,,,0.0
E5,Kaggle tsp_dataset,#2299,81,Greedy,,906.8409872110446,0.001184999942779541,ok,,,0.0
E5,Kaggle tsp_dataset,#2300,34,Greedy,,538.6471461629465,0.00017969997134059668,ok,,,0.0
E5,Kaggle tsp_dataset,#2301,67,Greedy,,722.3924872423416,0.0007609999738633633,ok,,,0.0
E5,Kaggle tsp_dataset,#2302,51,Greedy,,692.8006591504445,0.0004061999497935176,ok,,,0.0
E5,Kaggle tsp_dataset,#2303,25,Greedy,,489.5934469619131,0.00011330004781484604,ok,,,0.0
E5,Kaggle tsp_dataset,#2304,62,Greedy,,777.5805429727782,0.0006422000005841255,ok,,,0.0
E5,Kaggle tsp_dataset,#2305,65,Greedy,,792.6153268546084,0.0007769000949338078,ok,,,0.0
E5,Kaggle tsp_dataset,#2306,76,Greedy,,855.0966416280302,0.0010002999333664775,ok,,,0.0
E5,Kaggle tsp_dataset,#2307,66,Greedy,,792.6961658302868,0.0007745999610051513,ok,,,0.0
E5,Kaggle tsp_dataset,#2308,34,Greedy,,601.2824472155037,0.0001954999752342701,ok,,,0.0
E5,Kaggle tsp_dataset,#2309,69,Greedy,,802.8126203689948,0.0007936999900266528,ok,,,0.0
E5,Kaggle tsp_dataset,#2310,75,Greedy,,788.1758666479286,0.0008962999563664198,ok,,,0.0
E5,Kaggle tsp_dataset,#2311,43,Greedy,,697.5571849046313,0.0003035999834537506,ok,,,0.0
E5,Kaggle tsp_dataset,#2312,87,Greedy,,1029.7208536297894,0.0014440000522881746,ok,,,0.0
E5,Kaggle tsp_dataset,#2313,81,Greedy,,799.6207636390168,0.0011310001136735082,ok,,,0.0
E5,Kaggle tsp_dataset,#2314,44,Greedy,,622.0327686049199,0.00032400002237409353,ok,,,0.0
E5,Kaggle tsp_dataset,#2315,94,Greedy,,806.4358967722518,0.0017300000181421638,ok,,,0.0
E5,Kaggle tsp_dataset,#2316,34,Greedy,,628.5192336861047,0.0001949000870808959,ok,,,0.0
E5,Kaggle tsp_dataset,#2317,74,Greedy,,825.5984979384789,0.0010124000255018473,ok,,,0.0
E5,Kaggle tsp_dataset,#2318,66,Greedy,,766.8744522624037,0.0008056000806391239,ok,,,0.0
E5,Kaggle tsp_dataset,#2319,68,Greedy,,783.0252097464024,0.0008565000025555491,ok,,,0.0
E5,Kaggle tsp_dataset,#2320,68,Greedy,,793.849285979175,0.0008499999530613422,ok,,,0.0
E5,Kaggle tsp_dataset,#2321,100,Greedy,,912.3475479235768,0.0019784000469371676,ok,,,0.0
E5,Kaggle tsp_dataset,#2322,95,Greedy,,915.2057035635964,0.001966700074262917,ok,,,0.0
E5,Kaggle tsp_dataset,#2323,46,Greedy,,499.41165527481235,0.00037370005156844854,ok,,,0.0
E5,Kaggle tsp_dataset,#2324,44,Greedy,,724.1005724916342,0.00031290005426853895,ok,,,0.0
E5,Kaggle tsp_dataset,#2325,83,Greedy,,837.155599517918,0.0012798000825569034,ok,,,0.0
E5,Kaggle tsp_dataset,#2326,99,Greedy,,948.9574917045372,0.002000899985432625,ok,,,0.0
E5,Kaggle tsp_dataset,#2327,41,Greedy,,640.5711563970654,0.00028989999555051327,ok,,,0.0
E5,Kaggle tsp_dataset,#2328,42,Greedy,,658.6750798226418,0.0002970999339595437,ok,,,0.0
E5,Kaggle tsp_dataset,#2329,46,Greedy,,654.0106859121403,0.00035009998828172684,ok,,,0.0
E5,Kaggle tsp_dataset,#2330,39,Greedy,,646.6479422989621,0.00023990008048713207,ok,,,0.0
E5,Kaggle tsp_dataset,#2331,55,Greedy,,689.1396266362445,0.0004808000521734357,ok,,,0.0
E5,Kaggle tsp_dataset,#2332,96,Greedy,,777.7634830542207,0.001743100001476705,ok,,,0.0
E5,Kaggle tsp_dataset,#2333,47,Greedy,,677.6584876245447,0.00040009990334510803,ok,,,0.0
E5,Kaggle tsp_dataset,#2334,92,Greedy,,876.6920801873713,0.0015978999435901642,ok,,,0.0
E5,Kaggle tsp_dataset,#2335,100,Greedy,,993.9571473415476,0.001989400014281273,ok,,,0.0
E5,Kaggle tsp_dataset,#2336,28,Greedy,,532.8346283603048,0.0001338999718427658,ok,,,0.0
E5,Kaggle tsp_dataset,#2337,37,Greedy,,521.6951935356492,0.0002215000567957759,ok,,,0.0
E5,Kaggle tsp_dataset,#2338,99,Greedy,,856.9991164515292,0.0019015000434592366,ok,,,0.0
E5,Kaggle tsp_dataset,#2339,97,Greedy,,854.4208403136356,0.0018264000536873937,ok,,,0.0
E5,Kaggle tsp_dataset,#2340,43,Greedy,,608.4696322719778,0.00028820009902119637,ok,,,0.0
E5,Kaggle tsp_dataset,#2341,71,Greedy,,780.4063795682725,0.0008633999386802316,ok,,,0.0
E5,Kaggle tsp_dataset,#2342,40,Greedy,,563.5093636640878,0.00025619997177273035,ok,,,0.0
E5,Kaggle tsp_dataset,#2343,96,Greedy,,926.459695166313,0.0017906000139191747,ok,,,0.0
E5,Kaggle tsp_dataset,#2344,64,Greedy,,738.1624412566039,0.0006757000228390098,ok,,,0.0
E5,Kaggle tsp_dataset,#2345,24,Greedy,,504.14214555475377,0.00010329997166991234,ok,,,0.0
E5,Kaggle tsp_dataset,#2346,81,Greedy,,853.8666440877469,0.0011493000201880932,ok,,,0.0
E5,Kaggle tsp_dataset,#2347,48,Greedy,,669.3888306363469,0.0003866000333800912,ok,,,0.0
E5,Kaggle tsp_dataset,#2348,27,Greedy,,543.6702667450369,0.00011769996490329504,ok,,,0.0
E5,Kaggle tsp_dataset,#2349,80,Greedy,,792.7527696826152,0.001052199979312718,ok,,,0.0
E5,Kaggle tsp_dataset,#2350,26,Greedy,,536.9635204158333,0.00011139991693198681,ok,,,0.0
E5,Kaggle tsp_dataset,#2351,28,Greedy,,481.19294569056757,0.0001281999284401536,ok,,,0.0
E5,Kaggle tsp_dataset,#2352,77,Greedy,,793.1848143893136,0.0009602999780327082,ok,,,0.0
E5,Kaggle tsp_dataset,#2353,92,Greedy,,830.9689762182885,0.0017104999860748649,ok,,,0.0
E5,Kaggle tsp_dataset,#2354,31,Greedy,,579.4676686773217,0.00016789999790489674,ok,,,0.0
E5,Kaggle tsp_dataset,#2355,89,Greedy,,914.1378566235518,0.0016690000193193555,ok,,,0.0
E5,Kaggle tsp_dataset,#2356,21,Greedy,,478.40464450128263,8.5200066678226e-05,ok,,,0.0
E5,Kaggle tsp_dataset,#2357,72,Greedy,,916.4716062283135,0.0009119000751525164,ok,,,0.0
E5,Kaggle tsp_dataset,#2358,52,Greedy,,705.9605721113575,0.00044029997661709785,ok,,,0.0
E5,Kaggle tsp_dataset,#2359,34,Greedy,,509.545391926958,0.00018679990898817778,ok,,,0.0
E5,Kaggle tsp_dataset,#2360,79,Greedy,,855.7645682235374,0.0011130000930279493,ok,,,0.0
E5,Kaggle tsp_dataset,#2361,66,Greedy,,731.4869429977377,0.0006786000449210405,ok,,,0.0
E5,Kaggle tsp_dataset,#2362,31,Greedy,,595.3013183984231,0.00015750003512948751,ok,,,0.0
E5,Kaggle tsp_dataset,#2363,91,Greedy,,826.6457604520785,0.0015059999423101544,ok,,,0.0
E5,Kaggle tsp_dataset,#2364,69,Greedy,,781.3888846146958,0.0008106000022962689,ok,,,0.0
E5,Kaggle tsp_dataset,#2365,53,Greedy,,722.3294081326106,0.0004341000458225608,ok,,,0.0
E5,Kaggle tsp_dataset,#2366,41,Greedy,,646.4495131771442,0.00026730005629360676,ok,,,0.0
E5,Kaggle tsp_dataset,#2367,38,Greedy,,527.1410470288839,0.00023340003099292517,ok,,,0.0
E5,Kaggle tsp_dataset,#2368,63,Greedy,,699.081669893421,0.0006261999951675534,ok,,,0.0
E5,Kaggle tsp_dataset,#2369,73,Greedy,,843.6818824182145,0.0008477999363094568,ok,,,0.0
E5,Kaggle tsp_dataset,#2370,59,Greedy,,771.0085197315436,0.0005701000336557627,ok,,,0.0
E5,Kaggle tsp_dataset,#2371,38,Greedy,,561.6025778469683,0.00022719998378306627,ok,,,0.0
E5,Kaggle tsp_dataset,#2372,27,Greedy,,457.0194299057068,0.00011350004933774471,ok,,,0.0
E5,Kaggle tsp_dataset,#2373,88,Greedy,,927.8073722529075,0.0012877000262960792,ok,,,0.0
E5,Kaggle tsp_dataset,#2374,70,Greedy,,772.3618039585918,0.0008131999056786299,ok,,,0.0
E5,Kaggle tsp_dataset,#2375,75,Greedy,,766.4567488132838,0.0009057000279426575,ok,,,0.0
E5,Kaggle tsp_dataset,#2376,77,Greedy,,923.1135355876615,0.0010204000864177942,ok,,,0.0
E5,Kaggle tsp_dataset,#2377,45,Greedy,,635.9997220149853,0.0003201999934390187,ok,,,0.0
E5,Kaggle tsp_dataset,#2378,29,Greedy,,571.7165042562602,0.0001311999512836337,ok,,,0.0
E5,Kaggle tsp_dataset,#2379,68,Greedy,,761.07173531425,0.0007460999768227339,ok,,,0.0
E5,Kaggle tsp_dataset,#2380,81,Greedy,,801.8417189805492,0.0010977000929415226,ok,,,0.0
E5,Kaggle tsp_dataset,#2381,27,Greedy,,551.745487049644,0.00012129999231547117,ok,,,0.0
E5,Kaggle tsp_dataset,#2382,59,Greedy,,787.6760303847952,0.0006177000468596816,ok,,,0.0
E5,Kaggle tsp_dataset,#2383,61,Greedy,,798.6668960613354,0.000622799969278276,ok,,,0.0
E5,Kaggle tsp_dataset,#2384,37,Greedy,,631.3349743980857,0.00022639997769147158,ok,,,0.0
E5,Kaggle tsp_dataset,#2385,64,Greedy,,740.0505862071046,0.000653900089673698,ok,,,0.0
E5,Kaggle tsp_dataset,#2386,24,Greedy,,463.4568450832918,9.549991227686405e-05,ok,,,0.0
E5,Kaggle tsp_dataset,#2387,42,Greedy,,656.9434348536666,0.00037720007821917534,ok,,,0.0
E5,Kaggle tsp_dataset,#2388,23,Greedy,,448.4296117417032,0.0001202999847009778,ok,,,0.0
E5,Kaggle tsp_dataset,#2389,46,Greedy,,629.4198377278254,0.0004458000184968114,ok,,,0.0
E5,Kaggle tsp_dataset,#2390,50,Greedy,,632.8337775762894,0.00046120001934468746,ok,,,0.0
E5,Kaggle tsp_dataset,#2391,86,Greedy,,853.8652147497661,0.0013321000151336193,ok,,,0.0
E5,Kaggle tsp_dataset,#2392,31,Greedy,,516.9246332006487,0.00015269999857991934,ok,,,0.0
E5,Kaggle tsp_dataset,#2393,25,Greedy,,388.3164682053883,0.0001012999564409256,ok,,,0.0
E5,Kaggle tsp_dataset,#2394,98,Greedy,,848.0892411201622,0.00210100004915148,ok,,,0.0
E5,Kaggle tsp_dataset,#2395,97,Greedy,,867.7213009002004,0.001894799992442131,ok,,,0.0
E5,Kaggle tsp_dataset,#2396,67,Greedy,,717.101616381825,0.0007498000049963593,ok,,,0.0
E5,Kaggle tsp_dataset,#2397,33,Greedy,,530.4153497832074,0.00020979996770620346,ok,,,0.0
E5,Kaggle tsp_dataset,#2398,39,Greedy,,583.2802331157559,0.00023640005383640528,ok,,,0.0
E5,Kaggle tsp_dataset,#2399,61,Greedy,,749.970215508865,0.0006004000315442681,ok,,,0.0
E5,Kaggle tsp_dataset,#2400,68,Greedy,,786.3534175392579,0.0007519000209867954,ok,,,0.0
E5,Kaggle tsp_dataset,#2401,93,Greedy,,860.5600648825332,0.00163870002143085,ok,,,0.0
E5,Kaggle tsp_dataset,#2402,70,Greedy,,831.0414567061316,0.0008321999339386821,ok,,,0.0
E5,Kaggle tsp_dataset,#2403,46,Greedy,,595.4504952097667,0.00033389998134225607,ok,,,0.0
E5,Kaggle tsp_dataset,#2404,26,Greedy,,499.1565679783775,0.00010439998004585505,ok,,,0.0
E5,Kaggle tsp_dataset,#2405,68,Greedy,,775.1539802336716,0.0007933999877423048,ok,,,0.0
E5,Kaggle tsp_dataset,#2406,43,Greedy,,603.4625728531562,0.00027790002059191465,ok,,,0.0
E5,Kaggle tsp_dataset,#2407,33,Greedy,,528.1005376135746,0.00017090002074837685,ok,,,0.0
E5,Kaggle tsp_dataset,#2408,86,Greedy,,850.7703160707133,0.0012987999944016337,ok,,,0.0
E5,Kaggle tsp_dataset,#2409,74,Greedy,,781.7452410943348,0.0009046000195667148,ok,,,0.0
E5,Kaggle tsp_dataset,#2410,27,Greedy,,529.1638338406157,0.00012209999840706587,ok,,,0.0
E5,Kaggle tsp_dataset,#2411,92,Greedy,,866.4258150696596,0.0016144999535754323,ok,,,0.0
E5,Kaggle tsp_dataset,#2412,88,Greedy,,897.9455556894396,0.0013089999556541443,ok,,,0.0
E5,Kaggle tsp_dataset,#2413,25,Greedy,,578.1505683481812,0.00011119991540908813,ok,,,0.0
E5,Kaggle tsp_dataset,#2414,91,Greedy,,926.7448944186237,0.0018265999387949705,ok,,,0.0
E5,Kaggle tsp_dataset,#2415,40,Greedy,,647.8608377870912,0.0002706000814214349,ok,,,0.0
E5,Kaggle tsp_dataset,#2416,68,Greedy,,820.4727763092714,0.0007389000384137034,ok,,,0.0
E5,Kaggle tsp_dataset,#2417,38,Greedy,,557.9129282759134,0.0002362000523135066,ok,,,0.0
E5,Kaggle tsp_dataset,#2418,44,Greedy,,577.7690763149827,0.0002984999446198344,ok,,,0.0
E5,Kaggle tsp_dataset,#2419,45,Greedy,,648.6580873629729,0.00031599996145814657,ok,,,0.0
E5,Kaggle tsp_dataset,#2420,40,Greedy,,527.1492524572684,0.0002578999847173691,ok,,,0.0
E5,Kaggle tsp_dataset,#2421,41,Greedy,,645.1546874955505,0.0002687000669538975,ok,,,0.0
E5,Kaggle tsp_dataset,#2422,75,Greedy,,876.8627707574294,0.0008880000095814466,ok,,,0.0
E5,Kaggle tsp_dataset,#2423,29,Greedy,,525.4668799258924,0.0001417000312358141,ok,,,0.0
E5,Kaggle tsp_dataset,#2424,96,Greedy,,930.0275546476801,0.0017456000205129385,ok,,,0.0
E5,Kaggle tsp_dataset,#2425,23,Greedy,,379.7601654313763,0.00017120002303272486,ok,,,0.0
E5,Kaggle tsp_dataset,#2426,94,Greedy,,927.0281792590345,0.0017544999718666077,ok,,,0.0
E5,Kaggle tsp_dataset,#2427,23,Greedy,,428.0535706909943,8.759996853768826e-05,ok,,,0.0
E5,Kaggle tsp_dataset,#2428,40,Greedy,,595.5066803249435,0.00025120005011558533,ok,,,0.0
E5,Kaggle tsp_dataset,#2429,34,Greedy,,585.9554453049835,0.00018540001474320889,ok,,,0.0
E5,Kaggle tsp_dataset,#2430,56,Greedy,,656.7125755763564,0.0004811999388039112,ok,,,0.0
E5,Kaggle tsp_dataset,#2431,89,Greedy,,779.6183859693531,0.001451499992981553,ok,,,0.0
E5,Kaggle tsp_dataset,#2432,94,Greedy,,855.8686799082807,0.0016052999999374151,ok,,,0.0
E5,Kaggle tsp_dataset,#2433,52,Greedy,,693.4094358816835,0.00042179995216429234,ok,,,0.0
E5,Kaggle tsp_dataset,#2434,77,Greedy,,817.1525081620176,0.0009971000254154205,ok,,,0.0
E5,Kaggle tsp_dataset,#2435,58,Greedy,,722.4274569978746,0.0005413999315351248,ok,,,0.0
E5,Kaggle tsp_dataset,#2436,100,Greedy,,893.9635918361686,0.0018631999846547842,ok,,,0.0
E5,Kaggle tsp_dataset,#2437,68,Greedy,,799.1381616772607,0.0007340000011026859,ok,,,0.0
E5,Kaggle tsp_dataset,#2438,32,Greedy,,540.906218373163,0.00016189995221793652,ok,,,0.0
E5,Kaggle tsp_dataset,#2439,59,Greedy,,683.4188684587476,0.0005502999993041158,ok,,,0.0
E5,Kaggle tsp_dataset,#2440,48,Greedy,,639.7260548362692,0.0003470000810921192,ok,,,0.0
E5,Kaggle tsp_dataset,#2441,96,Greedy,,881.6749402606083,0.0017594000091776252,ok,,,0.0
E5,Kaggle tsp_dataset,#2442,64,Greedy,,733.6747569975226,0.0006324999267235398,ok,,,0.0
E5,Kaggle tsp_dataset,#2443,31,Greedy,,537.9808325540697,0.0001564000267535448,ok,,,0.0
E5,Kaggle tsp_dataset,#2444,63,Greedy,,759.3119903725908,0.0006799999391660094,ok,,,0.0
E5,Kaggle tsp_dataset,#2445,65,Greedy,,627.4725944780722,0.000632300041615963,ok,,,0.0
E5,Kaggle tsp_dataset,#2446,36,Greedy,,547.9401145574184,0.00019219995010644197,ok,,,0.0
E5,Kaggle tsp_dataset,#2447,49,Greedy,,612.0271705140715,0.00035770004615187645,ok,,,0.0
E5,Kaggle tsp_dataset,#2448,80,Greedy,,788.1298274815119,0.0010291999205946922,ok,,,0.0
E5,Kaggle tsp_dataset,#2449,20,Greedy,,457.8191105744937,7.329997606575489e-05,ok,,,0.0
E5,Kaggle tsp_dataset,#2450,69,Greedy,,756.0997415067778,0.000725399935618043,ok,,,0.0
E5,Kaggle tsp_dataset,#2451,85,Greedy,,881.1434234802251,0.0012905000476166606,ok,,,0.0
E5,Kaggle tsp_dataset,#2452,22,Greedy,,408.594789568954,8.330005221068859e-05,ok,,,0.0
E5,Kaggle tsp_dataset,#2453,51,Greedy,,546.7401919616095,0.00037509994581341743,ok,,,0.0
E5,Kaggle tsp_dataset,#2454,93,Greedy,,747.9841582795481,0.0015313000185415149,ok,,,0.0
E5,Kaggle tsp_dataset,#2455,67,Greedy,,810.716376337747,0.0007064000237733126,ok,,,0.0
E5,Kaggle tsp_dataset,#2456,28,Greedy,,452.11209615966374,0.00011999998241662979,ok,,,0.0
E5,Kaggle tsp_dataset,#2457,29,Greedy,,491.44953557776756,0.00012560002505779266,ok,,,0.0
E5,Kaggle tsp_dataset,#2458,73,Greedy,,775.1142545985027,0.0008099999977275729,ok,,,0.0
E5,Kaggle tsp_dataset,#2459,93,Greedy,,872.4922882934884,0.0015791000332683325,ok,,,0.0
E5,Kaggle tsp_dataset,#2460,39,Greedy,,580.8873417547071,0.00024259998463094234,ok,,,0.0
E5,Kaggle tsp_dataset,#2461,94,Greedy,,857.4349474529699,0.0016138000646606088,ok,,,0.0
E5,Kaggle tsp_dataset,#2462,26,Greedy,,466.53402119599605,0.00010760000441223383,ok,,,0.0
E5,Kaggle tsp_dataset,#2463,50,Greedy,,711.5124046793585,0.00040389993228018284,ok,,,0.0
E5,Kaggle tsp_dataset,#2464,98,Greedy,,872.7894888274591,0.001742799999192357,ok,,,0.0
E5,Kaggle tsp_dataset,#2465,44,Greedy,,612.8486331875421,0.00029779993928968906,ok,,,0.0
E5,Kaggle tsp_dataset,#2466,21,Greedy,,414.423136720925,7.569999434053898e-05,ok,,,0.0
E5,Kaggle tsp_dataset,#2467,65,Greedy,,794.7255229831339,0.0006921999156475067,ok,,,0.0
E5,Kaggle tsp_dataset,#2468,51,Greedy,,667.5075168613661,0.00040289992466568947,ok,,,0.0
E5,Kaggle tsp_dataset,#2469,56,Greedy,,717.6781745450294,0.000510099926032126,ok,,,0.0
E5,Kaggle tsp_dataset,#2470,40,Greedy,,705.6075887663536,0.00026160001289099455,ok,,,0.0
E5,Kaggle tsp_dataset,#2471,53,Greedy,,674.1830925101087,0.00041360000614076853,ok,,,0.0
E5,Kaggle tsp_dataset,#2472,29,Greedy,,429.07743040555175,0.00012710003647953272,ok,,,0.0
E5,Kaggle tsp_dataset,#2473,45,Greedy,,568.9740661332929,0.00029969995375722647,ok,,,0.0
E5,Kaggle tsp_dataset,#2474,55,Greedy,,718.432763682739,0.0004891999997198582,ok,,,0.0
E5,Kaggle tsp_dataset,#2475,60,Greedy,,773.0419256238065,0.0005882999394088984,ok,,,0.0
E5,Kaggle tsp_dataset,#2476,66,Greedy,,823.670234589937,0.0007343000033870339,ok,,,0.0
E5,Kaggle tsp_dataset,#2477,79,Greedy,,732.3851412316684,0.0009939000010490417,ok,,,0.0
E5,Kaggle tsp_dataset,#2478,47,Greedy,,624.0623639999419,0.0003389000194147229,ok,,,0.0
E5,Kaggle tsp_dataset,#2479,24,Greedy,,510.7216709993734,9.540002793073654e-05,ok,,,0.0
E5,Kaggle tsp_dataset,#2480,64,Greedy,,844.9648354250983,0.0006864999886602163,ok,,,0.0
E5,Kaggle tsp_dataset,#2481,20,Greedy,,406.0256415778036,6.969994865357876e-05,ok,,,0.0
E5,Kaggle tsp_dataset,#2482,89,Greedy,,858.9053828810316,0.0014902999391779304,ok,,,0.0
E5,Kaggle tsp_dataset,#2483,39,Greedy,,555.0372443358107,0.00022299995180219412,ok,,,0.0
E5,Kaggle tsp_dataset,#2484,93,Greedy,,871.0370962539042,0.0015850000781938434,ok,,,0.0
E5,Kaggle tsp_dataset,#2485,70,Greedy,,703.3077941151486,0.0007969000143930316,ok,,,0.0
E5,Kaggle tsp_dataset,#2486,82,Greedy,,849.7686689716179,0.0011067999294027686,ok,,,0.0
E5,Kaggle tsp_dataset,#2487,77,Greedy,,828.9520366680217,0.0009462999878451228,ok,,,0.0
E5,Kaggle tsp_dataset,#2488,63,Greedy,,832.9074407840751,0.0006603999063372612,ok,,,0.0
E5,Kaggle tsp_dataset,#2489,88,Greedy,,850.3470464627104,0.0012781999539583921,ok,,,0.0
E5,Kaggle tsp_dataset,#2490,63,Greedy,,722.5719231671587,0.0006257999921217561,ok,,,0.0
E5,Kaggle tsp_dataset,#2491,64,Greedy,,786.8209241847333,0.000691399909555912,ok,,,0.0
E5,Kaggle tsp_dataset,#2492,55,Greedy,,682.997934698629,0.00048099993728101254,ok,,,0.0
E5,Kaggle tsp_dataset,#2493,84,Greedy,,832.2574146249365,0.0011421000817790627,ok,,,0.0
E5,Kaggle tsp_dataset,#2494,20,Greedy,,440.55657606090205,7.179996464401484e-05,ok,,,0.0
E5,Kaggle tsp_dataset,#2495,81,Greedy,,785.0292848718946,0.0010688999900594354,ok,,,0.0
E5,Kaggle tsp_dataset,#2496,43,Greedy,,625.8439323563648,0.0002778000198304653,ok,,,0.0
E5,Kaggle tsp_dataset,#2497,68,Greedy,,714.1439412339822,0.0007150999736040831,ok,,,0.0
E5,Kaggle tsp_dataset,#2498,97,Greedy,,873.9637316235231,0.001740099978633225,ok,,,0.0
E5,Kaggle tsp_dataset,#2499,89,Greedy,,912.1205110881505,0.001335799926891923,ok,,,0.0
E5,Kaggle tsp_dataset,#2500,100,Greedy,,938.0571393569616,0.0019946000538766384,ok,,,0.0
E5,Kaggle tsp_dataset,#2501,92,Greedy,,858.1115105939979,0.001801899983547628,ok,,,0.0
E5,Kaggle tsp_dataset,#2502,45,Greedy,,682.8478928037372,0.00034740008413791656,ok,,,0.0
E5,Kaggle tsp_dataset,#2503,30,Greedy,,496.94547816697525,0.0001370999962091446,ok,,,0.0
E5,Kaggle tsp_dataset,#2504,31,Greedy,,568.1330711067851,0.00015400000847876072,ok,,,0.0
E5,Kaggle tsp_dataset,#2505,99,Greedy,,887.9375740749839,0.0019220000831410289,ok,,,0.0
E5,Kaggle tsp_dataset,#2506,93,Greedy,,899.819067190233,0.001706099952571094,ok,,,0.0
E5,Kaggle tsp_dataset,#2507,84,Greedy,,854.5283745896731,0.0011804000241681933,ok,,,0.0
E5,Kaggle tsp_dataset,#2508,100,Greedy,,976.4605407270694,0.001921399962157011,ok,,,0.0
E5,Kaggle tsp_dataset,#2509,21,Greedy,,496.10020408509075,7.930002175271511e-05,ok,,,0.0
E5,Kaggle tsp_dataset,#2510,71,Greedy,,814.8989320578339,0.0008198000723496079,ok,,,0.0
E5,Kaggle tsp_dataset,#2511,72,Greedy,,794.9628394335597,0.0007917000912129879,ok,,,0.0
E5,Kaggle tsp_dataset,#2512,56,Greedy,,667.7780789676535,0.0004868999822065234,ok,,,0.0
E5,Kaggle tsp_dataset,#2513,31,Greedy,,538.1289819746231,0.00015259999781847,ok,,,0.0
E5,Kaggle tsp_dataset,#2514,56,Greedy,,717.5475462940585,0.0005453000776469707,ok,,,0.0
E5,Kaggle tsp_dataset,#2515,55,Greedy,,686.5131885557402,0.0004702999722212553,ok,,,0.0
E5,Kaggle tsp_dataset,#2516,46,Greedy,,699.5544493471654,0.0003200999926775694,ok,,,0.0
E5,Kaggle tsp_dataset,#2517,56,Greedy,,752.6587812931567,0.00048729998525232077,ok,,,0.0
E5,Kaggle tsp_dataset,#2518,93,Greedy,,867.8297726603539,0.001627699937671423,ok,,,0.0
E5,Kaggle tsp_dataset,#2519,64,Greedy,,758.6300090037282,0.0007431999547407031,ok,,,0.0
E5,Kaggle tsp_dataset,#2520,67,Greedy,,749.7259817060641,0.0008761000353842974,ok,,,0.0
E5,Kaggle tsp_dataset,#2521,76,Greedy,,928.724930378884,0.0009871000656858087,ok,,,0.0
E5,Kaggle tsp_dataset,#2522,57,Greedy,,645.992557496601,0.00048400007653981447,ok,,,0.0
E5,Kaggle tsp_dataset,#2523,75,Greedy,,792.8909148903291,0.0009124999633058906,ok,,,0.0
E5,Kaggle tsp_dataset,#2524,42,Greedy,,699.0083921713673,0.000296299927867949,ok,,,0.0
E5,Kaggle tsp_dataset,#2525,49,Greedy,,637.5375415933939,0.00037540006451308727,ok,,,0.0
E5,Kaggle tsp_dataset,#2526,69,Greedy,,801.6929198273443,0.0007222999120131135,ok,,,0.0
E5,Kaggle tsp_dataset,#2527,36,Greedy,,595.3177236291441,0.0001962999813258648,ok,,,0.0
E5,Kaggle tsp_dataset,#2528,58,Greedy,,756.0142169585425,0.0004928000271320343,ok,,,0.0
E5,Kaggle tsp_dataset,#2529,20,Greedy,,460.4767816932693,7.070007268339396e-05,ok,,,0.0
E5,Kaggle tsp_dataset,#2530,82,Greedy,,795.5249209288017,0.0010993999894708395,ok,,,0.0
E5,Kaggle tsp_dataset,#2531,67,Greedy,,817.0836723605471,0.0008643999462947249,ok,,,0.0
E5,Kaggle tsp_dataset,#2532,31,Greedy,,539.3351742297642,0.00015840004198253155,ok,,,0.0
E5,Kaggle tsp_dataset,#2533,75,Greedy,,893.7864458151416,0.0009743999689817429,ok,,,0.0
E5,Kaggle tsp_dataset,#2534,60,Greedy,,750.0097938243866,0.0006049000658094883,ok,,,0.0
E5,Kaggle tsp_dataset,#2535,21,Greedy,,449.82609287141236,7.6299998909235e-05,ok,,,0.0
E5,Kaggle tsp_dataset,#2536,23,Greedy,,528.4105442619945,9.350001346319914e-05,ok,,,0.0
E5,Kaggle tsp_dataset,#2537,41,Greedy,,556.6229605491114,0.00025070004630833864,ok,,,0.0
E5,Kaggle tsp_dataset,#2538,30,Greedy,,512.639287835118,0.00013729999773204327,ok,,,0.0
E5,Kaggle tsp_dataset,#2539,22,Greedy,,477.9642958202548,8.589995559304953e-05,ok,,,0.0
E5,Kaggle tsp_dataset,#2540,89,Greedy,,893.3128507226593,0.0015714999753981829,ok,,,0.0
E5,Kaggle tsp_dataset,#2541,65,Greedy,,797.6346040498471,0.0007533000316470861,ok,,,0.0
E5,Kaggle tsp_dataset,#2542,97,Greedy,,981.0782531926382,0.0019359999569132924,ok,,,0.0
E5,Kaggle tsp_dataset,#2543,74,Greedy,,820.3414903663574,0.0009637000039219856,ok,,,0.0
E5,Kaggle tsp_dataset,#2544,50,Greedy,,743.4486278888709,0.0004211000632494688,ok,,,0.0
E5,Kaggle tsp_dataset,#2545,20,Greedy,,383.4176799107155,7.700000423938036e-05,ok,,,0.0
E5,Kaggle tsp_dataset,#2546,95,Greedy,,903.333264555717,0.0017019000370055437,ok,,,0.0
E5,Kaggle tsp_dataset,#2547,84,Greedy,,918.2460022492297,0.0012652999721467495,ok,,,0.0
E5,Kaggle tsp_dataset,#2548,97,Greedy,,826.0500260349904,0.0018452999647706747,ok,,,0.0
E5,Kaggle tsp_dataset,#2549,25,Greedy,,432.9523895109515,0.00010469998233020306,ok,,,0.0
E5,Kaggle tsp_dataset,#2550,86,Greedy,,771.5947097773304,0.0012168000685051084,ok,,,0.0
E5,Kaggle tsp_dataset,#2551,55,Greedy,,742.3913269816953,0.0004966999404132366,ok,,,0.0
E5,Kaggle tsp_dataset,#2552,54,Greedy,,712.6786596399896,0.0004653000505641103,ok,,,0.0
E5,Kaggle tsp_dataset,#2553,100,Greedy,,903.4405126765793,0.001905699959024787,ok,,,0.0
E5,Kaggle tsp_dataset,#2554,29,Greedy,,438.11797199336036,0.00014050002209842205,ok,,,0.0
E5,Kaggle tsp_dataset,#2555,65,Greedy,,787.366527569507,0.0007148999720811844,ok,,,0.0
E5,Kaggle tsp_dataset,#2556,48,Greedy,,758.4339941641177,0.00039240007754415274,ok,,,0.0
E5,Kaggle tsp_dataset,#2557,78,Greedy,,824.7378140527098,0.0011547000613063574,ok,,,0.0
E5,Kaggle tsp_dataset,#2558,23,Greedy,,478.42956117157235,9.059999138116837e-05,ok,,,0.0
E5,Kaggle tsp_dataset,#2559,59,Greedy,,706.1461585002268,0.000559799955226481,ok,,,0.0
E5,Kaggle tsp_dataset,#2560,41,Greedy,,623.2196724634471,0.00026700005400925875,ok,,,0.0
E5,Kaggle tsp_dataset,#2561,98,Greedy,,878.008107684009,0.0017707999795675278,ok,,,0.0
E5,Kaggle tsp_dataset,#2562,91,Greedy,,886.3047795432966,0.0015542999608442187,ok,,,0.0
E5,Kaggle tsp_dataset,#2563,66,Greedy,,796.4357071602209,0.0007872999412938952,ok,,,0.0
E5,Kaggle tsp_dataset,#2564,76,Greedy,,792.0975618769763,0.0009805000154301524,ok,,,0.0
E5,Kaggle tsp_dataset,#2565,84,Greedy,,880.2942521014695,0.001167900045402348,ok,,,0.0
E5,Kaggle tsp_dataset,#2566,86,Greedy,,958.8771313102038,0.0012600000482052565,ok,,,0.0
E5,Kaggle tsp_dataset,#2567,30,Greedy,,472.4802077921743,0.00014110002666711807,ok,,,0.0
E5,Kaggle tsp_dataset,#2568,36,Greedy,,606.7537217826278,0.0002041999250650406,ok,,,0.0
E5,Kaggle tsp_dataset,#2569,98,Greedy,,859.1264442614909,0.0017490999307483435,ok,,,0.0
E5,Kaggle tsp_dataset,#2570,39,Greedy,,575.7547120355413,0.00023360003251582384,ok,,,0.0
E5,Kaggle tsp_dataset,#2571,38,Greedy,,587.3862199315874,0.00022839999292045832,ok,,,0.0
E5,Kaggle tsp_dataset,#2572,25,Greedy,,475.75643113873224,9.910005610436201e-05,ok,,,0.0
E5,Kaggle tsp_dataset,#2573,26,Greedy,,471.11771076214,0.00010950001887977123,ok,,,0.0
E5,Kaggle tsp_dataset,#2574,84,Greedy,,750.8440416152129,0.0011325000086799264,ok,,,0.0
E5,Kaggle tsp_dataset,#2575,75,Greedy,,741.9304784989233,0.0009170999983325601,ok,,,0.0
E5,Kaggle tsp_dataset,#2576,72,Greedy,,808.0819118396021,0.0008479999378323555,ok,,,0.0
E5,Kaggle tsp_dataset,#2577,48,Greedy,,671.5119715523133,0.0003812001086771488,ok,,,0.0
E5,Kaggle tsp_dataset,#2578,57,Greedy,,676.3794595410461,0.0005170999793335795,ok,,,0.0
E5,Kaggle tsp_dataset,#2579,21,Greedy,,506.64233146012646,7.920002099126577e-05,ok,,,0.0
E5,Kaggle tsp_dataset,#2580,41,Greedy,,610.7768209726933,0.0002493000356480479,ok,,,0.0
E5,Kaggle tsp_dataset,#2581,97,Greedy,,893.9958385508364,0.0018584000645205379,ok,,,0.0
E5,Kaggle tsp_dataset,#2582,98,Greedy,,836.6661434112372,0.0017585000023245811,ok,,,0.0
E5,Kaggle tsp_dataset,#2583,78,Greedy,,824.1843432548472,0.0009939000010490417,ok,,,0.0
E5,Kaggle tsp_dataset,#2584,99,Greedy,,932.6609547117425,0.0031504000071436167,ok,,,0.0
E5,Kaggle tsp_dataset,#2585,72,Greedy,,831.7765520666236,0.0008936000522226095,ok,,,0.0
E5,Kaggle tsp_dataset,#2586,28,Greedy,,531.5607543317539,0.00012720003724098206,ok,,,0.0
E5,Kaggle tsp_dataset,#2587,79,Greedy,,745.4892233740466,0.0009793000062927604,ok,,,0.0
E5,Kaggle tsp_dataset,#2588,53,Greedy,,710.1475287945888,0.00046040001325309277,ok,,,0.0
E5,Kaggle tsp_dataset,#2589,95,Greedy,,897.5238695070566,0.0018191999988630414,ok,,,0.0
E5,Kaggle tsp_dataset,#2590,70,Greedy,,829.3133660992718,0.0007633999921381474,ok,,,0.0
E5,Kaggle tsp_dataset,#2591,53,Greedy,,722.591393091061,0.00043649994768202305,ok,,,0.0
E5,Kaggle tsp_dataset,#2592,40,Greedy,,627.199415712106,0.00025319994892925024,ok,,,0.0
E5,Kaggle tsp_dataset,#2593,100,Greedy,,919.1035664538175,0.0018898999551311135,ok,,,0.0
E5,Kaggle tsp_dataset,#2594,95,Greedy,,956.6458608565603,0.001702799927443266,ok,,,0.0
E5,Kaggle tsp_dataset,#2595,51,Greedy,,589.8895667571304,0.00038430001586675644,ok,,,0.0
E5,Kaggle tsp_dataset,#2596,43,Greedy,,614.8524046209418,0.0002930000191554427,ok,,,0.0
E5,Kaggle tsp_dataset,#2597,44,Greedy,,641.5961314046883,0.0003084000200033188,ok,,,0.0
E5,Kaggle tsp_dataset,#2598,57,Greedy,,763.5803997535579,0.0005189999938011169,ok,,,0.0
E5,Kaggle tsp_dataset,#2599,74,Greedy,,763.8367226393606,0.0009060000302270055,ok,,,0.0
E5,Kaggle tsp_dataset,#2600,88,Greedy,,831.8781205005158,0.001337899942882359,ok,,,0.0
E5,Kaggle tsp_dataset,#2601,72,Greedy,,789.4357137254214,0.0008614000398665667,ok,,,0.0
E5,Kaggle tsp_dataset,#2602,73,Greedy,,793.42736778666,0.0008811999578028917,ok,,,0.0
E5,Kaggle tsp_dataset,#2603,63,Greedy,,650.7991344115496,0.0007113999454304576,ok,,,0.0
E5,Kaggle tsp_dataset,#2604,38,Greedy,,614.1389894472596,0.00023150001652538776,ok,,,0.0
E5,Kaggle tsp_dataset,#2605,21,Greedy,,465.3479087716694,8.420005906373262e-05,ok,,,0.0
E5,Kaggle tsp_dataset,#2606,39,Greedy,,586.8008886542107,0.00023589993361383677,ok,,,0.0
E5,Kaggle tsp_dataset,#2607,40,Greedy,,551.653288987799,0.00023110001347959042,ok,,,0.0
E5,Kaggle tsp_dataset,#2608,21,Greedy,,475.4693649056485,7.579999510198832e-05,ok,,,0.0
E5,Kaggle tsp_dataset,#2609,73,Greedy,,790.6086798850058,0.0008374999742954969,ok,,,0.0
E5,Kaggle tsp_dataset,#2610,72,Greedy,,717.4701676644635,0.0008291000267490745,ok,,,0.0
E5,Kaggle tsp_dataset,#2611,45,Greedy,,538.1802746287723,0.0003095000283792615,ok,,,0.0
E5,Kaggle tsp_dataset,#2612,83,Greedy,,840.3170538362443,0.0011416999623179436,ok,,,0.0
E5,Kaggle tsp_dataset,#2613,63,Greedy,,778.7921818004585,0.0006446000188589096,ok,,,0.0
E5,Kaggle tsp_dataset,#2614,23,Greedy,,418.04112553930565,8.499994874000549e-05,ok,,,0.0
E5,Kaggle tsp_dataset,#2615,90,Greedy,,908.433165196818,0.0016604000702500343,ok,,,0.0
E5,Kaggle tsp_dataset,#2616,88,Greedy,,878.5621019851693,0.0013860000763088465,ok,,,0.0
E5,Kaggle tsp_dataset,#2617,28,Greedy,,474.12047639070215,0.00021700002253055573,ok,,,0.0
E5,Kaggle tsp_dataset,#2618,43,Greedy,,647.4924231126864,0.0003323000855743885,ok,,,0.0
E5,Kaggle tsp_dataset,#2619,36,Greedy,,549.1916135369397,0.00019990000873804092,ok,,,0.0
E5,Kaggle tsp_dataset,#2620,52,Greedy,,569.5909048806092,0.00039359997026622295,ok,,,0.0
E5,Kaggle tsp_dataset,#2621,75,Greedy,,740.653760249739,0.0009129999671131372,ok,,,0.0
E5,Kaggle tsp_dataset,#2622,86,Greedy,,817.6017997438053,0.001256000017747283,ok,,,0.0
E5,Kaggle tsp_dataset,#2623,51,Greedy,,676.9726695863405,0.0004168999148532748,ok,,,0.0
E5,Kaggle tsp_dataset,#2624,28,Greedy,,471.9170827965891,0.00012070010416209698,ok,,,0.0
E5,Kaggle tsp_dataset,#2625,53,Greedy,,623.8262447816153,0.00041880004573613405,ok,,,0.0
E5,Kaggle tsp_dataset,#2626,87,Greedy,,846.0885584659613,0.0013640000252053142,ok,,,0.0
E5,Kaggle tsp_dataset,#2627,25,Greedy,,502.9311430787615,0.00011699995957314968,ok,,,0.0
E5,Kaggle tsp_dataset,#2628,45,Greedy,,538.5420698767829,0.00030640000477433205,ok,,,0.0
E5,Kaggle tsp_dataset,#2629,88,Greedy,,810.0173673999775,0.0012392000062391162,ok,,,0.0
E5,Kaggle tsp_dataset,#2630,51,Greedy,,590.0355662658651,0.0003939999733120203,ok,,,0.0
E5,Kaggle tsp_dataset,#2631,33,Greedy,,689.8418114424247,0.0001805000938475132,ok,,,0.0
E5,Kaggle tsp_dataset,#2632,79,Greedy,,857.2302978633066,0.0010138999205082655,ok,,,0.0
E5,Kaggle tsp_dataset,#2633,85,Greedy,,846.2040588683637,0.001207799999974668,ok,,,0.0
E5,Kaggle tsp_dataset,#2634,52,Greedy,,741.5974290727443,0.000422299955971539,ok,,,0.0
E5,Kaggle tsp_dataset,#2635,78,Greedy,,824.7261687533339,0.0009634000016376376,ok,,,0.0
E5,Kaggle tsp_dataset,#2636,100,Greedy,,857.256974763073,0.00178980000782758,ok,,,0.0
E5,Kaggle tsp_dataset,#2637,82,Greedy,,840.9828268853834,0.0011181000154465437,ok,,,0.0
E5,Kaggle tsp_dataset,#2638,20,Greedy,,399.4845294970377,6.870005745440722e-05,ok,,,0.0
E5,Kaggle tsp_dataset,#2639,62,Greedy,,706.5289439368187,0.0005949999904260039,ok,,,0.0
E5,Kaggle tsp_dataset,#2640,25,Greedy,,521.2608558523461,9.730004239827394e-05,ok,,,0.0
E5,Kaggle tsp_dataset,#2641,25,Greedy,,421.98965527274737,0.00010429997928440571,ok,,,0.0
E5,Kaggle tsp_dataset,#2642,27,Greedy,,524.22716033486,0.00011629995424300432,ok,,,0.0
E5,Kaggle tsp_dataset,#2643,30,Greedy,,556.7047065723885,0.00015249999705702066,ok,,,0.0
E5,Kaggle tsp_dataset,#2644,100,Greedy,,877.1543299264808,0.001917900051921606,ok,,,0.0
E5,Kaggle tsp_dataset,#2645,25,Greedy,,526.2430051273769,0.0001066999975591898,ok,,,0.0
E5,Kaggle tsp_dataset,#2646,75,Greedy,,736.443781855216,0.0008656999561935663,ok,,,0.0
E5,Kaggle tsp_dataset,#2647,24,Greedy,,423.9317588690637,9.720004163682461e-05,ok,,,0.0
E5,Kaggle tsp_dataset,#2648,90,Greedy,,890.4352089930289,0.0017461000243201852,ok,,,0.0
E5,Kaggle tsp_dataset,#2649,71,Greedy,,826.7321166483657,0.0008089999901130795,ok,,,0.0
E5,Kaggle tsp_dataset,#2650,64,Greedy,,745.7791803320007,0.0006918000290170312,ok,,,0.0
E5,Kaggle tsp_dataset,#2651,75,Greedy,,814.6531115221127,0.0008792000589892268,ok,,,0.0
E5,Kaggle tsp_dataset,#2652,69,Greedy,,779.5187676439025,0.000789299956522882,ok,,,0.0
E5,Kaggle tsp_dataset,#2653,89,Greedy,,930.6124377213657,0.0013994000619277358,ok,,,0.0
E5,Kaggle tsp_dataset,#2654,72,Greedy,,806.8493161193608,0.0008833999745547771,ok,,,0.0
E5,Kaggle tsp_dataset,#2655,52,Greedy,,739.1259217927638,0.00042830000165849924,ok,,,0.0
E5,Kaggle tsp_dataset,#2656,100,Greedy,,885.185971817782,0.0019403999904170632,ok,,,0.0
E5,Kaggle tsp_dataset,#2657,93,Greedy,,840.1300590889932,0.0015795000363141298,ok,,,0.0
E5,Kaggle tsp_dataset,#2658,54,Greedy,,719.3144679767569,0.00045050005428493023,ok,,,0.0
E5,Kaggle tsp_dataset,#2659,54,Greedy,,732.7170856779676,0.000551499892026186,ok,,,0.0
E5,Kaggle tsp_dataset,#2660,45,Greedy,,616.0225821483906,0.0003074000123888254,ok,,,0.0
E5,Kaggle tsp_dataset,#2661,29,Greedy,,454.8308175296817,0.00012860004790127277,ok,,,0.0
E5,Kaggle tsp_dataset,#2662,88,Greedy,,745.526012065629,0.0013497000327333808,ok,,,0.0
E5,Kaggle tsp_dataset,#2663,32,Greedy,,550.8259052818499,0.00016799999866634607,ok,,,0.0
E5,Kaggle tsp_dataset,#2664,73,Greedy,,773.0937332113002,0.0008880000095814466,ok,,,0.0
E5,Kaggle tsp_dataset,#2665,35,Greedy,,526.7459130545636,0.0001938999630510807,ok,,,0.0
E5,Kaggle tsp_dataset,#2666,69,Greedy,,771.1635665597676,0.0008273000130429864,ok,,,0.0
E5,Kaggle tsp_dataset,#2667,65,Greedy,,748.782466317261,0.0007168999873101711,ok,,,0.0
E5,Kaggle tsp_dataset,#2668,26,Greedy,,480.3396207246307,0.00012199999764561653,ok,,,0.0
E5,Kaggle tsp_dataset,#2669,65,Greedy,,719.8421548985748,0.0006844999734312296,ok,,,0.0
E5,Kaggle tsp_dataset,#2670,36,Greedy,,599.2195081917217,0.00020379992201924324,ok,,,0.0
E5,Kaggle tsp_dataset,#2671,63,Greedy,,754.7351010848062,0.0006592998979613185,ok,,,0.0
E5,Kaggle tsp_dataset,#2672,32,Greedy,,496.2979417459969,0.00016299996059387922,ok,,,0.0
E5,Kaggle tsp_dataset,#2673,26,Greedy,,616.8444508954492,0.00011859997175633907,ok,,,0.0
E5,Kaggle tsp_dataset,#2674,27,Greedy,,495.81400624880297,0.00011529994662851095,ok,,,0.0
E5,Kaggle tsp_dataset,#2675,26,Greedy,,471.0993557793941,0.00011160003487020731,ok,,,0.0
E5,Kaggle tsp_dataset,#2676,58,Greedy,,792.3270886351054,0.000619300059042871,ok,,,0.0
E5,Kaggle tsp_dataset,#2677,45,Greedy,,709.525617624528,0.00031969998963177204,ok,,,0.0
E5,Kaggle tsp_dataset,#2678,99,Greedy,,920.5798564898482,0.0020158999832347035,ok,,,0.0
E5,Kaggle tsp_dataset,#2679,85,Greedy,,822.3547705711612,0.0015616000164300203,ok,,,0.0
E5,Kaggle tsp_dataset,#2680,80,Greedy,,859.8758849482776,0.001067299977876246,ok,,,0.0
E5,Kaggle tsp_dataset,#2681,36,Greedy,,646.5378987749052,0.0002145000034943223,ok,,,0.0
E5,Kaggle tsp_dataset,#2682,97,Greedy,,872.6014531049219,0.001946799922734499,ok,,,0.0
E5,Kaggle tsp_dataset,#2683,38,Greedy,,521.4979840435678,0.0002207000507041812,ok,,,0.0
E5,Kaggle tsp_dataset,#2684,66,Greedy,,756.2214263712024,0.0007432999555021524,ok,,,0.0
E5,Kaggle tsp_dataset,#2685,47,Greedy,,689.7840065179928,0.00037070002872496843,ok,,,0.0
E5,Kaggle tsp_dataset,#2686,34,Greedy,,502.937884445211,0.000179499969817698,ok,,,0.0
E5,Kaggle tsp_dataset,#2687,20,Greedy,,369.7790952186273,6.760004907846451e-05,ok,,,0.0
E5,Kaggle tsp_dataset,#2688,64,Greedy,,850.1855847244088,0.0006753999041393399,ok,,,0.0
E5,Kaggle tsp_dataset,#2689,70,Greedy,,784.9058068378581,0.001048400066792965,ok,,,0.0
E5,Kaggle tsp_dataset,#2690,81,Greedy,,824.4088546289863,0.0013303000014275312,ok,,,0.0
E5,Kaggle tsp_dataset,#2691,21,Greedy,,489.4063460998838,8.030002936720848e-05,ok,,,0.0
E5,Kaggle tsp_dataset,#2692,32,Greedy,,501.4026558417074,0.0001677999971434474,ok,,,0.0
E5,Kaggle tsp_dataset,#2693,59,Greedy,,701.8766387611041,0.0005458000814542174,ok,,,0.0
E5,Kaggle tsp_dataset,#2694,52,Greedy,,685.3799605068939,0.00041720003355294466,ok,,,0.0
E5,Kaggle tsp_dataset,#2695,43,Greedy,,554.8389833902922,0.0002837999491021037,ok,,,0.0
E5,Kaggle tsp_dataset,#2696,100,Greedy,,872.3948020977641,0.0021090999944135547,ok,,,0.0
E5,Kaggle tsp_dataset,#2697,48,Greedy,,630.4567268413294,0.00035089999437332153,ok,,,0.0
E5,Kaggle tsp_dataset,#2698,23,Greedy,,398.76636448421,8.760008495301008e-05,ok,,,0.0
E5,Kaggle tsp_dataset,#2699,69,Greedy,,714.7051051142438,0.0007703999290242791,ok,,,0.0
E5,Kaggle tsp_dataset,#2700,93,Greedy,,866.0437908694431,0.0016162999672815204,ok,,,0.0
E5,Kaggle tsp_dataset,#2701,64,Greedy,,781.1538963714585,0.0007016999879851937,ok,,,0.0
E5,Kaggle tsp_dataset,#2702,79,Greedy,,746.5079252939281,0.0010257000103592873,ok,,,0.0
E5,Kaggle tsp_dataset,#2703,79,Greedy,,807.0457051626391,0.0009907999774441123,ok,,,0.0
E5,Kaggle tsp_dataset,#2704,49,Greedy,,707.4967724146481,0.00038330000825226307,ok,,,0.0
E5,Kaggle tsp_dataset,#2705,37,Greedy,,608.6995054888127,0.00020350003615021706,ok,,,0.0
E5,Kaggle tsp_dataset,#2706,96,Greedy,,945.8640155625698,0.0017698999727144837,ok,,,0.0
E5,Kaggle tsp_dataset,#2707,21,Greedy,,490.27355709276054,8.009991142898798e-05,ok,,,0.0
E5,Kaggle tsp_dataset,#2708,48,Greedy,,685.2965714995634,0.00037839997094124556,ok,,,0.0
E5,Kaggle tsp_dataset,#2709,83,Greedy,,835.9333060446827,0.0011992000509053469,ok,,,0.0
E5,Kaggle tsp_dataset,#2710,76,Greedy,,744.130499174449,0.0009290999732911587,ok,,,0.0
E5,Kaggle tsp_dataset,#2711,84,Greedy,,802.6178082377863,0.0012114000273868442,ok,,,0.0
E5,Kaggle tsp_dataset,#2712,78,Greedy,,876.6074416082619,0.0009636000031605363,ok,,,0.0
E5,Kaggle tsp_dataset,#2713,55,Greedy,,606.0825655936508,0.0004408999811857939,ok,,,0.0
E5,Kaggle tsp_dataset,#2714,98,Greedy,,938.3813859987829,0.002045899978838861,ok,,,0.0
E5,Kaggle tsp_dataset,#2715,78,Greedy,,727.8287371378036,0.0009477999992668629,ok,,,0.0
E5,Kaggle tsp_dataset,#2716,32,Greedy,,523.1781334918401,0.00016659998800605536,ok,,,0.0
E5,Kaggle tsp_dataset,#2717,62,Greedy,,720.8001413056105,0.0005975000094622374,ok,,,0.0
E5,Kaggle tsp_dataset,#2718,27,Greedy,,468.9674321325377,0.00011479994282126427,ok,,,0.0
E5,Kaggle tsp_dataset,#2719,42,Greedy,,640.4055710038804,0.0002761000068858266,ok,,,0.0
E5,Kaggle tsp_dataset,#2720,96,Greedy,,924.6235326158995,0.0018579000607132912,ok,,,0.0
E5,Kaggle tsp_dataset,#2721,29,Greedy,,524.5889555747606,0.0001335000852122903,ok,,,0.0
E5,Kaggle tsp_dataset,#2722,64,Greedy,,801.7188482752504,0.0006867999909445643,ok,,,0.0
E5,Kaggle tsp_dataset,#2723,69,Greedy,,770.9944667310855,0.0007669000187888741,ok,,,0.0
E5,Kaggle tsp_dataset,#2724,67,Greedy,,745.243501334698,0.0007792999967932701,ok,,,0.0
E5,Kaggle tsp_dataset,#2725,87,Greedy,,868.6359450922606,0.0013224000576883554,ok,,,0.0
E5,Kaggle tsp_dataset,#2726,74,Greedy,,810.7950019734038,0.00107999995816499,ok,,,0.0
E5,Kaggle tsp_dataset,#2727,94,Greedy,,838.8742613051649,0.001677999971434474,ok,,,0.0
E5,Kaggle tsp_dataset,#2728,42,Greedy,,678.3487904207498,0.0002901999978348613,ok,,,0.0
E5,Kaggle tsp_dataset,#2729,68,Greedy,,736.0645799923836,0.0007268000626936555,ok,,,0.0
E5,Kaggle tsp_dataset,#2730,69,Greedy,,759.7834206507691,0.0007457999745383859,ok,,,0.0
E5,Kaggle tsp_dataset,#2731,92,Greedy,,834.3289919711285,0.0015844999579712749,ok,,,0.0
E5,Kaggle tsp_dataset,#2732,71,Greedy,,748.8438536372432,0.0008319999324157834,ok,,,0.0
E5,Kaggle tsp_dataset,#2733,84,Greedy,,801.1756836655209,0.0011486998992040753,ok,,,0.0
E5,Kaggle tsp_dataset,#2734,100,Greedy,,876.5365028372121,0.0019342000596225262,ok,,,0.0
E5,Kaggle tsp_dataset,#2735,80,Greedy,,883.348341504915,0.0011288000969216228,ok,,,0.0
E5,Kaggle tsp_dataset,#2736,44,Greedy,,724.4828285108877,0.00031320005655288696,ok,,,0.0
E5,Kaggle tsp_dataset,#2737,68,Greedy,,770.5864368448764,0.0007483999943360686,ok,,,0.0
E5,Kaggle tsp_dataset,#2738,21,Greedy,,435.67067364544175,9.649991989135742e-05,ok,,,0.0
E5,Kaggle tsp_dataset,#2739,91,Greedy,,893.8855224069883,0.0015906000044196844,ok,,,0.0
E5,Kaggle tsp_dataset,#2740,53,Greedy,,615.304945258045,0.00042509997729212046,ok,,,0.0
E5,Kaggle tsp_dataset,#2741,96,Greedy,,841.3009106126734,0.001746899913996458,ok,,,0.0
E5,Kaggle tsp_dataset,#2742,79,Greedy,,738.3276065640605,0.0009872999507933855,ok,,,0.0
E5,Kaggle tsp_dataset,#2743,20,Greedy,,459.32125940800296,6.950006354600191e-05,ok,,,0.0
E5,Kaggle tsp_dataset,#2744,58,Greedy,,713.1822870955417,0.0005190999945625663,ok,,,0.0
E5,Kaggle tsp_dataset,#2745,87,Greedy,,857.9861661096644,0.0012325000716373324,ok,,,0.0
E5,Kaggle tsp_dataset,#2746,48,Greedy,,627.1273318548847,0.00035119999665766954,ok,,,0.0
E5,Kaggle tsp_dataset,#2747,30,Greedy,,472.2940088466205,0.00013500009663403034,ok,,,0.0
E5,Kaggle tsp_dataset,#2748,44,Greedy,,664.0673053262962,0.000295999925583601,ok,,,0.0
E5,Kaggle tsp_dataset,#2749,34,Greedy,,578.799640080334,0.00018400000408291817,ok,,,0.0
E5,Kaggle tsp_dataset,#2750,23,Greedy,,461.00020109887186,9.169999975711107e-05,ok,,,0.0
E5,Kaggle tsp_dataset,#2751,29,Greedy,,501.15643340416307,0.00012800004333257675,ok,,,0.0
E5,Kaggle tsp_dataset,#2752,28,Greedy,,557.7844676718944,0.00012479990255087614,ok,,,0.0
E5,Kaggle tsp_dataset,#2753,97,Greedy,,894.4499032651063,0.0017982000717893243,ok,,,0.0
E5,Kaggle tsp_dataset,#2754,44,Greedy,,640.3612259718711,0.0002883999841287732,ok,,,0.0
E5,Kaggle tsp_dataset,#2755,100,Greedy,,999.9143523555023,0.0019489000551402569,ok,,,0.0
E5,Kaggle tsp_dataset,#2756,98,Greedy,,881.1714565139126,0.0018131000688299537,ok,,,0.0
E5,Kaggle tsp_dataset,#2757,40,Greedy,,619.9662441847358,0.0002535999519750476,ok,,,0.0
E5,Kaggle tsp_dataset,#2758,43,Greedy,,575.765923280485,0.00027860002592206,ok,,,0.0
E5,Kaggle tsp_dataset,#2759,57,Greedy,,757.6493117552233,0.0005386000266298652,ok,,,0.0
E5,Kaggle tsp_dataset,#2760,68,Greedy,,749.8613315398391,0.0008237999863922596,ok,,,0.0
E5,Kaggle tsp_dataset,#2761,76,Greedy,,792.4625271244416,0.0009581999620422721,ok,,,0.0
E5,Kaggle tsp_dataset,#2762,97,Greedy,,844.8897904800895,0.001712600002065301,ok,,,0.0
E5,Kaggle tsp_dataset,#2763,58,Greedy,,739.882341543473,0.0005345001118257642,ok,,,0.0
E5,Kaggle tsp_dataset,#2764,46,Greedy,,630.5699292352647,0.0003380000125616789,ok,,,0.0
E5,Kaggle tsp_dataset,#2765,66,Greedy,,701.8990082710645,0.0007544000400230289,ok,,,0.0
E5,Kaggle tsp_dataset,#2766,61,Greedy,,725.8355577586531,0.0006010000361129642,ok,,,0.0
E5,Kaggle tsp_dataset,#2767,23,Greedy,,518.668056446996,9.42000187933445e-05,ok,,,0.0
E5,Kaggle tsp_dataset,#2768,42,Greedy,,618.4793175063074,0.0002614000113680959,ok,,,0.0
E5,Kaggle tsp_dataset,#2769,86,Greedy,,811.5359333414199,0.0013800000306218863,ok,,,0.0
E5,Kaggle tsp_dataset,#2770,74,Greedy,,816.5180956322772,0.0008804000681266189,ok,,,0.0
E5,Kaggle tsp_dataset,#2771,88,Greedy,,829.3599267329879,0.001311599975451827,ok,,,0.0
E5,Kaggle tsp_dataset,#2772,77,Greedy,,786.8317526861166,0.0012086998904123902,ok,,,0.0
E5,Kaggle tsp_dataset,#2773,53,Greedy,,702.7235835449997,0.00041420001070946455,ok,,,0.0
E5,Kaggle tsp_dataset,#2774,29,Greedy,,539.882900555567,0.0001385000068694353,ok,,,0.0
E5,Kaggle tsp_dataset,#2775,47,Greedy,,643.2005245041581,0.00033189996611326933,ok,,,0.0
E5,Kaggle tsp_dataset,#2776,41,Greedy,,597.2580213372455,0.00024319998919963837,ok,,,0.0
E5,Kaggle tsp_dataset,#2777,87,Greedy,,908.5657322792165,0.0013450999977067113,ok,,,0.0
E5,Kaggle tsp_dataset,#2778,71,Greedy,,790.3335264558882,0.0008440000237897038,ok,,,0.0
E5,Kaggle tsp_dataset,#2779,79,Greedy,,856.8540030588247,0.0010232001077383757,ok,,,0.0
E5,Kaggle tsp_dataset,#2780,71,Greedy,,754.598528569343,0.0008833999745547771,ok,,,0.0
E5,Kaggle tsp_dataset,#2781,76,Greedy,,818.6913789210696,0.0010119000216946006,ok,,,0.0
E5,Kaggle tsp_dataset,#2782,44,Greedy,,551.8211292411493,0.0003066000062972307,ok,,,0.0
